,fecha_evento,tiempo_cmt,region,lat_cmt,lon_cmt,depth_cmt,id_evento,exp_cmt,Mrr,Mtt,Mpp,Mrt,Mrp,Mtp,Err,Ett,Epp,Ert,Erp,Etp,momento_sismico,strike_1,dip_1,rake_1,strike_2,dip_2,rake_2,Mw_cmt
0,2018/02/01,04:18:31.0,PACIFIC-ANTARCTIC RIDGE ,-56.94,-140.85,10.0,C201802010418A,24,-0.279,2.430,-2.150,0.349,-0.283,2.400,0.045,0.052,0.042,0.116,0.101,0.043,3.350,22,82,-177,292,87,-8.0,5.6
1,2018/02/01,10:59:58.9,FIJI ISLANDS REGION     ,-16.38,-177.34,10.0,C201802011059A,24,-0.069,-1.620,1.690,0.094,0.243,0.784,0.038,0.048,0.047,0.077,0.081,0.041,1.849,327,84,176,58,86,6.0,5.4
2,2018/02/01,11:05:50.9,FIJI ISLANDS REGION     ,-16.68,-177.43,10.0,C201802011105A,25,0.062,-1.050,0.989,0.065,0.090,0.592,0.012,0.013,0.013,0.030,0.029,0.011,1.184,330,85,177,60,87,5.0,6.0
3,2018/02/02,00:20:42.9,SOUTHERN MOLUCCA SEA    ,-0.23,125.21,51.2,C201802020020A,24,2.270,-1.440,-0.829,0.662,1.880,-1.620,0.044,0.037,0.043,0.061,0.071,0.033,3.245,252,32,126,31,65,70.0,5.6
4,2018/02/02,11:37:53.3,PACIFIC-ANTARCTIC RIDGE ,-65.81,-175.63,10.0,C201802021137A,24,-0.919,5.580,-4.660,-1.190,1.230,-0.036,0.046,0.048,0.042,0.129,0.120,0.045,5.417,226,70,-175,134,85,-20.0,5.8
5,2018/02/02,12:55:05.6,PACIFIC-ANTARCTIC RIDGE ,-65.86,-175.66,10.0,C201802021255A,24,-0.266,2.040,-1.780,-0.367,0.551,-0.241,0.037,0.035,0.031,0.093,0.085,0.032,2.044,229,70,-174,137,85,-20.0,5.5
6,2018/02/04,13:24:32.6,NORTH OF SVALBARD       ,83.00,-6.41,10.0,C201802041324A,24,-1.600,-0.104,1.700,0.673,-0.715,0.814,0.029,0.033,0.026,0.087,0.071,0.025,2.087,226,45,-50,356,58,-122.0,5.5
7,2018/02/04,13:56:42.2,TAIWAN                  ,24.16,121.68,12.0,C201802041356A,25,0.496,-0.926,0.430,1.460,0.674,-0.212,0.010,0.009,0.009,0.057,0.031,0.007,1.783,294,17,139,64,79,77.0,6.1
8,2018/02/04,14:13:12.1,TAIWAN                  ,24.12,121.76,8.7,C201802041413A,24,0.607,-0.604,-0.004,1.690,0.604,-0.622,0.032,0.022,0.028,0.075,0.080,0.02,1.973,214,14,54,71,79,98.0,5.5
9,2018/02/06,15:50:42.4,TAIWAN                  ,24.17,121.65,10.6,C201802061550A,25,2.220,-4.130,1.910,1.860,0.105,-2.530,0.026,0.025,0.025,0.073,0.058,0.022,4.365,208,53,21,105,74,141.0,6.4
10,2018/02/06,18:37:59.2,VANUATU ISLANDS         ,-18.97,169.47,246.3,C201802061837A,24,1.950,-1.200,-0.751,0.705,-1.860,-1.780,0.068,0.068,0.069,0.062,0.059,0.065,3.139,78,46,142,196,64,51.0,5.6
11,2018/02/06,19:15:28.4,TAIWAN                  ,23.94,121.76,8.6,C201802061915A,24,1.190,-0.745,-0.448,1.380,1.210,-0.847,0.064,0.040,0.043,0.159,0.158,0.029,2.263,232,18,93,49,72,89.0,5.5
12,2018/02/07,15:21:31.2,TAIWAN                  ,24.10,121.74,10.8,C201802071521A,24,2.370,-1.730,-0.640,2.670,2.950,-1.730,0.055,0.043,0.045,0.168,0.181,0.036,4.809,248,18,114,43,73,82.0,5.7
13,2018/02/08,02:29:14.6,GREENLAND SEA           ,79.81,2.03,10.0,C201802080229A,24,-0.345,-3.670,4.020,0.352,-2.050,-1.320,0.062,0.068,0.057,0.141,0.142,0.05,4.467,218,75,15,124,75,165.0,5.7
14,2018/02/08,11:04:01.3,"ANDREANOF ISLANDS, ALEUT",52.57,-179.45,211.0,C201802081104A,24,0.460,-2.510,2.050,5.580,-2.230,-0.713,0.065,0.077,0.074,0.065,0.061,0.069,6.434,214,20,10,114,86,110.0,5.8
15,2018/02/08,21:19:23.8,OFF COAST OF CENTRAL CHI,-37.42,-74.04,10.0,C201802082119A,24,1.260,0.115,-1.370,0.158,-2.390,-0.452,0.023,0.021,0.024,0.067,0.064,0.019,2.770,35,18,125,179,76,80.0,5.6
16,2018/02/09,11:43:56.1,FIJI ISLANDS REGION     ,-17.89,-178.66,545.2,C201802091143A,25,0.367,0.399,-0.766,0.883,-0.475,0.395,0.007,0.011,0.011,0.011,0.011,0.011,1.266,20,34,162,125,80,57.0,6.0
17,2018/02/09,14:05:47.8,"NEAR COAST OF JALISCO, M",18.89,-104.78,10.0,C201802091405A,24,4.430,-2.480,-1.940,5.100,-2.800,3.210,0.072,0.060,0.066,0.208,0.178,0.056,7.646,328,22,115,121,70,81.0,5.9
18,2018/02/09,23:59:24.6,FIJI ISLANDS REGION     ,-21.41,-179.32,609.7,C201802092359A,24,1.440,-2.170,0.725,-2.350,-2.450,-0.635,0.046,0.069,0.073,0.067,0.068,0.071,3.947,110,24,150,228,78,69.0,5.7
19,2018/02/10,22:50:48.9,"NEW IRELAND REGION, P.N.",-3.81,151.92,268.0,C201802102250A,24,-1.440,1.740,-0.295,0.198,-7.830,2.110,0.077,0.084,0.090,0.079,0.078,0.078,8.152,264,16,-11,4,87,-106.0,5.9
20,2018/02/11,23:14:15.0,SOUTH OF MARIANA ISLANDS,13.81,146.41,10.0,C201802112314A,25,-0.415,-0.332,0.747,0.490,0.327,0.556,0.007,0.006,0.007,0.020,0.017,0.006,1.012,343,45,-158,237,75,-47.0,5.9
21,2018/02/13,01:11:43.3,SOUTH OF MARIANA ISLANDS,13.85,146.40,11.6,C201802130111A,24,3.450,0.087,-3.540,0.124,2.090,-1.630,0.047,0.044,0.045,0.135,0.130,0.037,4.357,213,32,108,11,60,79.0,5.7
22,2018/02/13,02:03:03.6,SOUTH OF MARIANA ISLANDS,13.82,146.47,10.0,C201802130203A,24,2.950,-0.111,-2.840,0.264,1.410,-1.390,0.049,0.032,0.038,0.084,0.087,0.026,3.498,209,33,100,17,57,83.0,5.6
23,2018/02/13,02:31:09.1,SOUTH OF MARIANA ISLANDS,13.74,146.40,10.0,C201802130231A,24,0.812,0.300,-1.110,0.080,0.422,-0.577,0.045,0.027,0.032,0.088,0.079,0.02,1.151,211,35,106,11,57,79.0,5.3
24,2018/02/13,02:39:53.8,"ANDAMAN ISLANDS, INDIA R",12.36,93.13,69.4,C201802130239A,24,0.413,-0.750,0.337,-0.386,-0.398,0.275,0.032,0.024,0.026,0.020,0.019,0.022,0.898,138,47,152,248,70,47.0,5.2
25,2018/02/14,00:05:30.3,"ARU ISLANDS REGION, INDO",-6.00,133.80,10.0,C201802140005A,24,-0.563,-0.088,0.650,-0.381,-0.434,0.304,0.019,0.013,0.016,0.028,0.028,0.011,0.886,179,29,-124,36,67,-73.0,5.2
26,2018/02/15,08:27:22.0,NORTH OF ASCENSION ISLAN,-0.07,-17.83,10.0,C201802150827A,24,-0.767,1.890,-1.130,-0.090,0.388,-2.880,0.050,0.046,0.050,0.134,0.138,0.041,3.280,256,82,-177,166,87,-8.0,5.6
27,2018/02/16,23:39:42.2,"OAXACA, MEXICO          ",16.65,-97.65,24.6,C201802162339A,26,3.270,-2.580,-0.692,6.050,-3.390,1.180,0.019,0.013,0.013,0.143,0.099,0.009,7.641,293,12,84,119,78,91.0,7.2
28,2018/02/17,00:36:53.7,"OAXACA, MEXICO          ",16.21,-97.75,8.9,C201802170036A,25,0.510,-0.484,-0.026,0.921,-0.119,0.070,0.025,0.019,0.024,0.083,0.112,0.02,1.056,279,14,92,98,76,90.0,5.9
29,2018/02/19,06:57:01.8,"OAXACA, MEXICO          ",16.50,-97.58,40.2,C201802190657A,25,0.504,-0.432,-0.071,1.160,-0.603,0.188,0.007,0.006,0.007,0.032,0.021,0.005,1.403,289,11,82,117,79,92.0,6.0
30,2018/02/22,05:48:59.0,NORTHERN MID-ATLANTIC RI,23.81,-44.95,10.0,C201802220548A,24,-0.015,-0.423,0.438,0.388,0.424,-1.200,0.019,0.019,0.019,0.059,0.059,0.018,1.389,282,71,-169,188,80,-19.0,5.4
31,2018/02/25,16:28:39.5,NEAR EAST COAST OF HONSH,37.59,141.74,30.8,C201802251628A,24,1.540,-0.921,-0.614,3.820,1.250,-1.020,0.040,0.031,0.034,0.107,0.053,0.025,4.358,208,14,49,70,80,99.0,5.7
32,2018/02/25,17:44:44.4,"NEW GUINEA, PAPUA NEW GU",-6.15,142.77,35.0,C201802251744A,27,1.710,-1.300,-0.406,0.920,-0.090,0.687,0.003,0.003,0.003,0.038,0.042,0.003,1.926,308,32,107,108,59,79.0,7.5
33,2018/02/26,04:41:02.3,"NEW BRITAIN REGION, P.N.",-5.42,151.83,35.0,C201802260441A,24,2.770,-3.000,0.230,1.450,-0.336,-1.030,0.068,0.045,0.047,0.058,0.062,0.036,3.398,238,35,65,88,58,107.0,5.6
34,2018/02/26,08:26:59.3,"NEW GUINEA, PAPUA NEW GU",-6.43,143.27,23.6,C201802260826A,24,5.150,-2.670,-2.490,3.310,-2.540,2.930,0.044,0.044,0.045,0.128,0.126,0.037,6.770,319,26,98,130,64,86.0,5.8
35,2018/02/26,11:56:07.4,"NEW GUINEA, PAPUA NEW GU",-6.50,143.55,13.3,C201802261156A,24,4.480,-4.360,-0.118,2.010,-1.700,2.170,0.047,0.041,0.040,0.111,0.113,0.032,5.554,282,32,73,122,59,101.0,5.8
36,2018/02/26,13:34:53.2,CERAM SEA               ,-2.77,126.71,6.3,C201802261334A,25,0.869,-0.157,-0.712,0.378,-0.669,0.647,0.009,0.007,0.008,0.022,0.026,0.007,1.265,322,26,83,150,64,93.0,6.0
37,2018/02/26,15:17:59.5,"NEW GUINEA, PAPUA NEW GU",-6.49,143.26,13.8,C201802261517A,25,2.150,-1.480,-0.664,1.510,-1.220,1.120,0.016,0.017,0.017,0.047,0.046,0.015,2.939,302,24,85,128,66,92.0,6.2
38,2018/02/26,18:28:05.0,"NEW GUINEA, PAPUA NEW GU",-6.05,142.70,31.0,C201802261828A,24,1.460,-0.152,-1.310,1.440,-0.318,1.180,0.046,0.037,0.040,0.085,0.072,0.025,2.346,356,37,140,120,67,60.0,5.5
39,2018/02/27,05:17:58.3,VANUATU ISLANDS         ,-18.85,169.29,196.5,C201802270517A,24,1.450,0.431,-1.880,1.000,-0.348,-0.759,0.020,0.025,0.024,0.022,0.022,0.026,2.146,46,54,135,167,55,46.0,5.5
40,2018/02/27,06:19:12.2,"NEW GUINEA, PAPUA NEW GU",-6.42,143.05,10.0,C201802270619A,24,2.700,-1.880,-0.827,1.100,-1.170,2.170,0.034,0.031,0.035,0.097,0.103,0.027,3.534,301,32,79,134,59,97.0,5.6
41,2018/02/27,17:29:23.4,WEST OF MACQUARIE ISLAND,-60.18,150.73,10.0,C201802271729A,25,0.051,0.854,-0.904,-0.157,0.098,-1.010,0.008,0.008,0.009,0.021,0.023,0.007,1.352,249,84,175,340,85,6.0,6.0
42,2018/02/28,02:45:44.5,"NEW GUINEA, PAPUA NEW GU",-6.17,142.48,10.0,C201802280245A,25,0.953,-0.938,-0.015,1.450,-1.410,0.659,0.008,0.007,0.008,0.022,0.022,0.007,2.320,276,17,54,133,76,100.0,6.2
43,2018/03/02,02:20:12.9,BANDA SEA               ,-6.18,130.31,136.8,C201803020220A,25,0.277,-0.301,0.024,0.037,0.700,0.619,0.006,0.007,0.008,0.005,0.005,0.007,0.977,90,43,17,348,78,132.0,5.9
44,2018/03/02,03:01:23.2,"NEW GUINEA, PAPUA NEW GU",-6.06,142.53,28.7,C201803020301A,24,1.310,-1.380,0.078,0.841,-0.370,0.865,0.036,0.026,0.028,0.076,0.081,0.02,1.799,296,30,92,114,60,89.0,5.4
45,2018/03/04,14:33:21.2,"NEW GUINEA, PAPUA NEW GU",-6.07,142.72,6.0,C201803041433A,24,3.820,-1.350,-2.470,1.750,-1.330,1.710,0.029,0.029,0.031,0.090,0.091,0.025,4.357,332,31,104,136,60,82.0,5.7
46,2018/03/04,19:52:51.2,KURIL ISLANDS           ,44.87,148.03,107.1,C201803041952A,24,-0.611,0.640,-0.028,-1.090,-2.290,0.215,0.048,0.056,0.061,0.034,0.032,0.052,2.606,268,10,-30,28,85,-99.0,5.5
47,2018/03/04,19:56:18.1,"NEW GUINEA, PAPUA NEW GU",-6.31,142.62,10.0,C201803041956A,25,0.979,-0.744,-0.235,0.555,-0.166,0.387,0.006,0.006,0.006,0.017,0.019,0.005,1.126,304,30,100,113,60,84.0,6.0
48,2018/03/06,14:13:08.0,"NEW GUINEA, PAPUA NEW GU",-6.30,142.61,22.9,C201803061413A,26,0.851,-0.671,-0.180,0.903,-0.440,0.408,0.006,0.007,0.007,0.019,0.019,0.006,1.333,303,21,95,117,69,88.0,6.7
49,2018/03/07,04:40:12.2,EAST OF KURIL ISLANDS   ,45.83,152.29,29.4,C201803070440A,24,3.170,-0.543,-2.620,6.000,5.230,-1.920,0.075,0.068,0.079,0.099,0.096,0.065,8.695,191,14,55,48,79,98.0,5.9
50,2018/03/07,13:49:17.4,"NEW BRITAIN REGION, P.N.",-5.43,151.40,56.1,C201803071349A,24,2.950,-2.720,-0.233,0.082,-0.204,-1.490,0.037,0.027,0.030,0.026,0.026,0.025,3.193,70,45,97,240,45,83.0,5.6
51,2018/03/08,03:51:07.1,"SERAM, INDONESIA        ",-3.32,130.91,7.9,C201803080351A,24,2.960,-0.960,-2.000,-2.830,3.700,2.490,0.053,0.038,0.042,0.143,0.153,0.031,5.822,138,18,86,322,72,91.0,5.8
52,2018/03/08,08:49:44.5,MALAWI                  ,-16.75,35.43,6.4,C201803080849A,24,-3.270,1.400,1.870,-0.159,0.460,-1.560,0.044,0.031,0.033,0.053,0.053,0.021,3.278,316,41,-95,142,49,-86.0,5.6
53,2018/03/08,14:15:18.4,WEST CHILE RISE         ,-43.97,-81.82,10.0,C201803081415A,24,-1.050,0.055,1.000,0.181,0.012,-0.191,0.014,0.013,0.014,0.044,0.039,0.013,1.059,178,45,-77,340,46,-103.0,5.3
54,2018/03/08,17:39:50.5,"NEW IRELAND REGION, P.N.",-4.39,153.20,15.2,C201803081739A,26,0.166,1.530,-1.700,-0.730,-0.068,0.482,0.006,0.006,0.006,0.014,0.012,0.005,1.840,214,73,164,309,75,17.0,6.8
55,2018/03/09,11:06:10.5,"NEW IRELAND REGION, P.N.",-4.35,153.34,45.8,C201803091106A,24,1.530,4.510,-6.040,-2.980,-1.440,0.469,0.046,0.048,0.047,0.058,0.054,0.044,6.383,317,59,17,218,76,148.0,5.8
56,2018/03/09,16:23:22.8,FIJI ISLANDS REGION     ,-21.09,-178.55,538.7,C201803091623A,24,-3.360,3.870,-0.506,-2.300,-0.881,-0.329,0.058,0.095,0.104,0.092,0.099,0.09,4.402,290,31,-63,80,63,-105.0,5.7
57,2018/03/10,14:27:56.9,SOUTH SANDWICH ISLANDS R,-56.30,-28.06,49.9,C201803101427A,24,2.410,-1.390,-1.020,-0.512,-0.609,0.211,0.020,0.024,0.024,0.062,0.066,0.021,2.045,121,42,108,278,50,74.0,5.5
58,2018/03/10,21:45:36.6,NORTH OF ASCENSION ISLAN,-1.38,-15.25,10.0,C201803102145A,25,-0.167,0.511,-0.345,-0.046,0.311,-1.090,0.009,0.008,0.009,0.016,0.019,0.008,1.215,260,74,-176,169,86,-16.0,6.0
59,2018/03/12,06:13:49.2,SOUTHEAST INDIAN RIDGE  ,-46.36,95.97,10.0,C201803120613A,24,-0.347,-2.830,3.170,0.152,0.296,-1.410,0.030,0.036,0.038,0.073,0.075,0.031,3.331,302,84,-180,212,90,-6.0,5.6
60,2018/03/16,09:25:01.7,SOUTH SANDWICH ISLANDS R,-56.48,-25.73,10.0,C201803160925A,24,1.400,-0.139,-1.260,0.125,0.540,0.613,0.032,0.025,0.024,0.077,0.061,0.018,1.570,143,38,69,349,55,106.0,5.4
61,2018/03/17,05:50:09.1,SOUTHERN MID-ATLANTIC RI,-47.67,-13.50,10.0,C201803170550A,24,-3.820,-0.121,3.940,-0.468,-0.233,-0.348,0.039,0.039,0.036,0.126,0.106,0.035,3.931,168,44,-101,2,47,-80.0,5.7
62,2018/03/23,07:40:29.5,NORTHERN MID-ATLANTIC RI,12.65,-44.58,10.0,C201803230740A,24,-0.487,-0.500,0.987,-0.024,0.392,-2.790,0.034,0.035,0.038,0.074,0.082,0.037,2.913,277,82,-180,187,90,-8.0,5.6
63,2018/03/24,11:23:32.4,"NEW BRITAIN REGION, P.N.",-5.48,151.48,35.8,C201803241123A,25,4.140,-3.460,-0.679,0.266,0.075,-2.170,0.026,0.019,0.019,0.021,0.022,0.015,4.402,240,43,89,62,47,91.0,6.4
64,2018/03/24,19:58:33.2,SOUTHEAST INDIAN RIDGE  ,-45.83,96.10,10.0,C201803241958A,25,0.069,-1.550,1.480,-0.106,-0.030,-0.537,0.008,0.008,0.008,0.022,0.021,0.008,1.611,125,87,-178,35,88,-3.0,6.1
65,2018/03/25,08:58:11.5,BANDA SEA               ,-7.31,128.50,149.4,C201803250858A,24,4.920,-0.004,-4.910,0.302,-0.619,0.967,0.037,0.047,0.052,0.037,0.044,0.049,5.054,351,41,93,167,49,87.0,5.7
66,2018/03/25,14:28:34.2,SANTIAGO DEL ESTERO PROV,-26.77,-63.33,555.3,C201803251428A,24,-3.040,0.287,2.760,-0.475,0.861,-0.433,0.062,0.093,0.115,0.096,0.106,0.094,3.095,355,36,-81,165,54,-96.0,5.6
67,2018/03/25,14:37:23.3,"SOUTHEAST OF HONSHU, JAP",32.60,140.64,51.1,C201803251437A,24,2.700,0.336,-3.040,0.701,-2.370,-2.740,0.045,0.041,0.045,0.033,0.039,0.035,4.648,62,43,144,180,66,53.0,5.7
68,2018/03/25,20:14:47.2,BANDA SEA               ,-6.66,129.87,171.5,C201803252014A,25,0.327,-3.050,2.730,1.990,4.110,-1.360,0.023,0.026,0.028,0.020,0.020,0.026,5.563,299,35,176,32,88,55.0,6.4
69,2018/03/26,09:51:00.7,"NEW BRITAIN REGION, P.N.",-5.46,151.40,40.0,C201803260951A,26,1.270,-1.290,0.016,0.286,-0.183,-0.445,0.006,0.004,0.005,0.005,0.005,0.004,1.394,241,42,72,85,51,106.0,6.7
70,2018/03/29,18:51:09.0,SOLOMON ISLANDS         ,-9.42,159.56,10.0,C201803291851A,24,-1.040,-1.450,2.500,-2.090,-2.970,0.780,0.038,0.035,0.037,0.069,0.089,0.03,4.231,150,25,-157,38,80,-67.0,5.7
71,2018/03/29,21:25:36.5,"NEW BRITAIN REGION, P.N.",-5.47,151.44,35.0,C201803292125A,26,2.610,-2.440,-0.164,0.653,0.112,-1.080,0.012,0.009,0.009,0.011,0.012,0.007,2.820,245,38,85,71,52,94.0,6.9
72,2018/04/02,05:57:31.8,SOUTH OF FIJI ISLANDS   ,-24.90,-176.60,83.5,C201804020557A,25,-1.310,0.216,1.090,-0.183,-1.420,-1.390,0.015,0.016,0.017,0.012,0.011,0.014,2.330,112,39,-144,353,68,-56.0,6.2
73,2018/04/02,13:40:35.0,SOUTHERN BOLIVIA        ,-20.65,-63.02,562.4,C201804021340A,26,-1.920,-0.135,2.050,0.161,0.827,-0.638,0.008,0.010,0.012,0.009,0.009,0.01,2.243,333,36,-109,176,56,-77.0,6.8
74,2018/04/02,23:23:18.4,EL SALVADOR             ,13.03,-88.82,49.9,C201804022323A,25,-0.006,0.210,-0.204,0.732,-0.726,0.062,0.017,0.017,0.023,0.011,0.014,0.018,1.052,41,11,177,134,89,79.0,5.9
75,2018/04/03,09:14:06.8,"NORTH OF HALMAHERA, INDO",3.02,128.02,71.6,C201804030914A,24,0.545,1.050,-1.600,0.635,-1.370,-1.600,0.034,0.035,0.040,0.026,0.028,0.035,2.609,67,53,169,164,81,38.0,5.5
76,2018/04/05,03:53:41.3,"MINDANAO, PHILIPPINES   ",6.82,126.78,64.4,C201804050353A,25,1.200,0.325,-1.520,0.457,0.222,-0.273,0.009,0.008,0.009,0.009,0.011,0.007,1.494,167,43,57,28,55,117.0,6.0
77,2018/04/05,09:07:59.3,FIJI ISLANDS REGION     ,-18.33,-177.89,507.0,C201804050907A,24,-2.930,3.290,-0.360,-2.200,-6.870,3.050,0.059,0.096,0.097,0.095,0.087,0.088,8.424,272,26,-25,25,79,-114.0,5.9
78,2018/04/05,11:12:10.2,NEAR COAST OF NORTHERN C,-20.38,-70.61,34.9,C201804051112A,24,-0.147,-1.980,2.130,-0.432,-1.340,-0.465,0.032,0.029,0.040,0.020,0.026,0.031,2.495,126,59,176,218,86,31.0,5.5
79,2018/04/05,19:29:16.5,SOUTHERN CALIFORNIA     ,33.84,-119.73,9.9,C201804051929A,24,-0.131,-0.543,0.674,0.531,-0.030,1.410,0.019,0.021,0.023,0.057,0.043,0.02,1.629,349,71,-174,257,84,-19.0,5.4
80,2018/04/06,07:46:58.8,NEAR NORTH COAST OF IRIA,-1.45,138.18,10.0,C201804060746A,24,2.400,-2.130,-0.274,-3.000,1.210,0.685,0.033,0.026,0.026,0.105,0.073,0.02,4.015,105,18,84,291,72,92.0,5.7
81,2018/04/07,05:48:38.9,"NEW GUINEA, PAPUA NEW GU",-5.84,142.49,10.0,C201804070548A,25,2.140,-1.170,-0.971,0.481,0.160,2.770,0.018,0.015,0.016,0.030,0.031,0.013,3.139,342,51,133,107,55,50.0,6.3
82,2018/04/08,16:32:31.3,"WESTERN HONSHU, JAPAN   ",35.26,132.54,7.9,C201804081632A,24,0.058,4.250,-4.310,-0.048,-0.702,-2.120,0.038,0.036,0.045,0.086,0.103,0.035,4.826,58,83,-175,328,85,-7.0,5.7
83,2018/04/09,00:20:55.6,SOUTH SANDWICH ISLANDS R,-57.65,-27.84,239.8,C201804090020A,24,1.290,-3.970,2.680,1.790,-1.380,-0.600,0.040,0.043,0.046,0.041,0.042,0.045,4.171,223,52,15,124,78,142.0,5.7
84,2018/04/10,10:19:34.0,NEAR COAST OF CENTRAL CH,-30.99,-71.56,76.1,C201804101019A,25,-2.100,1.170,0.930,0.662,-1.960,-0.768,0.018,0.016,0.020,0.012,0.014,0.013,2.829,120,25,-119,331,69,-78.0,6.2
85,2018/04/11,07:30:42.1,"NEAR COAST OF OAXACA, ME",15.77,-94.76,41.4,C201804110730A,24,-0.116,-1.980,2.100,0.524,0.129,-0.362,0.025,0.025,0.029,0.039,0.041,0.021,2.143,311,78,-171,219,81,-12.0,5.5
86,2018/04/14,08:17:21.0,SCOTIA SEA              ,-61.39,-36.86,10.0,C201804140817A,23,-1.170,3.610,-2.440,-2.780,-3.940,2.080,0.113,0.092,0.105,0.277,0.323,0.103,6.120,295,36,-12,35,83,-125.0,5.1
87,2018/04/15,19:30:43.2,NORTHERN MOLUCCA SEA    ,1.37,126.87,36.5,C201804151930A,25,0.185,0.985,-1.170,0.251,0.223,-0.758,0.008,0.008,0.010,0.012,0.014,0.008,1.357,152,76,0,242,90,-166.0,6.0
88,2018/04/17,02:52:35.5,"IRIAN JAYA REGION, INDON",-3.53,131.29,10.0,C201804170252A,24,2.510,-1.360,-1.150,-1.060,1.860,1.250,0.037,0.026,0.028,0.069,0.084,0.02,3.298,122,26,70,324,65,99.0,5.6
89,2018/04/18,06:16:02.2,SOUTH OF PANAMA         ,5.16,-82.52,10.0,C201804180616A,24,0.018,0.030,-0.048,0.081,0.147,1.880,0.035,0.025,0.035,0.044,0.053,0.026,1.888,91,85,2,0,88,175.0,5.5
90,2018/04/18,13:07:20.0,SOUTH ATLANTIC OCEAN    ,-0.38,-6.56,10.0,C201804181307A,23,5.220,-3.720,-1.510,0.444,1.650,-1.660,0.238,0.151,0.147,0.229,0.275,0.088,5.178,252,39,107,50,53,76.0,5.1
91,2018/04/19,06:34:47.1,SOUTHERN IRAN           ,28.36,51.62,10.0,C201804190634A,24,1.730,-1.440,-0.288,0.283,-1.160,2.020,0.049,0.038,0.045,0.096,0.120,0.04,2.765,276,44,40,154,63,126.0,5.6
92,2018/04/19,21:09:17.0,PRINCE EDWARD ISLANDS RE,-42.78,42.19,10.0,C201804192109A,25,-0.916,0.871,0.045,0.012,0.037,-0.228,0.008,0.007,0.009,0.022,0.025,0.007,0.924,107,45,-87,282,45,-93.0,5.9
93,2018/04/21,19:44:16.8,WESTERN INDIAN-ANTARCTIC,-48.92,123.61,10.0,C201804211944A,24,-5.270,5.400,-0.133,0.251,-0.140,-0.422,0.049,0.046,0.046,0.144,0.146,0.043,5.359,93,44,-92,276,46,-88.0,5.8
94,2018/04/22,16:59:16.6,TONGA ISLANDS           ,-15.42,-174.56,10.4,C201804221659A,24,-0.009,-1.090,1.100,-0.157,0.797,4.380,0.063,0.061,0.061,0.136,0.147,0.058,4.587,83,80,-1,173,89,-170.0,5.7
95,2018/04/23,08:13:58.0,NEAR NORTH COAST OF IRIA,-1.29,138.43,10.0,C201804230813A,24,2.120,-2.980,0.859,-1.170,0.457,0.426,0.050,0.039,0.046,0.067,0.088,0.03,2.878,83,34,70,287,59,103.0,5.6
96,2018/04/24,02:29:53.7,NEAR COAST OF NICARAGUA ,12.52,-87.75,47.0,C201804240229A,24,2.780,-2.070,-0.707,0.107,-0.330,1.630,0.050,0.035,0.045,0.025,0.034,0.028,2.990,299,43,83,129,48,97.0,5.6
97,2018/04/24,08:53:21.7,"HOKKAIDO, JAPAN REGION  ",43.36,145.74,79.9,C201804240853A,24,-1.440,1.440,-0.001,2.120,0.867,1.200,0.056,0.059,0.067,0.037,0.045,0.054,2.906,48,20,-109,248,71,-83.0,5.6
98,2018/04/24,21:57:00.0,SOUTH OF FIJI ISLANDS   ,-23.92,179.83,530.0,B201804242157A,24,-1.810,-0.391,2.200,-0.147,-2.070,-0.842,0.077,0.138,0.133,0.138,0.127,0.112,3.001,142,27,-125,0,68,-74.0,5.6
99,2018/04/26,16:55:58.2,NEAR NORTH COAST OF IRIA,-1.87,139.79,6.5,C201804261655A,24,1.700,-1.140,-0.560,0.030,-0.563,1.450,0.031,0.027,0.030,0.049,0.058,0.024,2.119,291,43,62,146,53,113.0,5.5
100,2018/04/29,22:23:06.5,SOUTHWEST INDIAN RIDGE  ,-39.26,46.10,10.0,C201804292223A,24,-1.130,1.990,-0.865,-0.471,-0.288,8.660,0.085,0.079,0.095,0.169,0.191,0.085,8.792,185,87,178,275,88,3.0,5.9
101,2018/04/30,18:24:53.0,VANUATU ISLANDS         ,-15.95,168.38,266.0,C201804301824A,24,3.270,-3.540,0.272,-1.820,-3.850,5.160,0.040,0.046,0.049,0.045,0.044,0.043,7.493,269,57,30,161,65,143.0,5.8
102,2018/05/01,12:45:31.1,FIJI ISLANDS            ,-16.70,177.30,8.8,C201805011245A,24,-0.098,0.040,0.058,0.713,-0.153,3.390,0.055,0.052,0.055,0.145,0.148,0.049,3.469,0,78,-177,270,87,-12.0,5.6
103,2018/05/01,17:15:37.9,PACIFIC-ANTARCTIC RIDGE ,-56.73,-142.01,10.0,C201805011715A,25,-0.023,0.823,-0.800,0.074,0.008,0.614,0.006,0.007,0.006,0.012,0.012,0.006,1.020,26,87,178,117,88,3.0,5.9
104,2018/05/01,19:47:53.4,FIJI ISLANDS REGION     ,-17.98,-177.97,578.5,C201805011947A,24,-4.860,2.810,2.050,-0.393,-6.670,3.730,0.064,0.095,0.101,0.099,0.094,0.092,8.709,253,30,-38,17,72,-115.0,5.9
105,2018/05/02,00:17:13.0,EASTER ISLAND REGION    ,-24.26,-111.82,10.0,C201805020017A,24,-0.055,-1.670,1.720,-0.122,0.112,0.842,0.023,0.022,0.026,0.053,0.059,0.022,1.900,58,85,-2,148,88,-175.0,5.5
106,2018/05/02,06:32:48.9,EASTER ISLAND REGION    ,-24.26,-111.65,10.0,C201805020631A,25,-0.058,-1.060,1.120,0.036,0.029,0.733,0.009,0.009,0.010,0.020,0.022,0.008,1.314,332,88,180,62,90,2.0,6.0
107,2018/05/04,22:32:55.8,HAWAII                  ,19.37,-155.03,5.0,C201805042232A,26,1.530,-0.898,-0.637,1.030,1.970,-0.786,0.005,0.005,0.005,0.016,0.016,0.004,2.706,245,20,121,32,73,80.0,6.9
108,2018/05/05,06:19:04.6,"LUZON, PHILIPPINES      ",14.50,123.93,17.9,C201805050619A,25,1.560,-0.217,-1.340,-0.615,2.340,0.587,0.014,0.009,0.012,0.019,0.036,0.008,2.887,150,17,76,344,74,94.0,6.2
109,2018/05/06,05:10:01.9,SOUTHERN EAST PACIFIC RI,-34.72,-107.67,10.0,C201805060510A,24,-0.212,-0.515,0.727,0.002,-0.483,-1.630,0.025,0.022,0.026,0.039,0.050,0.023,1.808,100,75,-180,10,90,-15.0,5.4
110,2018/05/06,19:02:22.6,EL SALVADOR             ,13.10,-88.10,10.0,C201805061902A,24,-0.420,-0.179,0.598,-0.105,0.327,-1.970,0.027,0.022,0.030,0.040,0.048,0.024,2.033,275,81,179,6,89,9.0,5.5
111,2018/05/07,08:08:20.0,VANUATU ISLANDS REGION  ,-20.82,172.27,10.0,C201805070808A,24,-0.472,0.669,-0.198,0.370,0.204,3.290,0.047,0.047,0.045,0.127,0.123,0.04,3.341,4,84,177,94,87,6.0,5.6
112,2018/05/08,08:14:12.4,GULF OF ALASKA          ,56.36,-148.46,10.0,C201805080814A,24,0.997,-1.810,0.817,-0.425,-0.962,2.240,0.036,0.034,0.031,0.058,0.058,0.025,2.914,259,67,22,160,70,156.0,5.6
113,2018/05/09,07:57:55.2,"NEW BRITAIN REGION, P.N.",-5.89,151.80,10.0,C201805090757A,25,0.881,-0.949,0.068,1.270,0.545,-0.186,0.008,0.007,0.006,0.031,0.022,0.005,1.668,273,18,113,69,73,83.0,6.1
114,2018/05/09,10:41:45.8,AFGHANISTAN-TAJIKISTAN B,36.99,71.37,111.9,C201805091041A,25,2.530,-3.590,1.050,-1.250,-1.850,-0.780,0.023,0.024,0.026,0.020,0.019,0.024,3.967,110,40,139,233,65,58.0,6.3
115,2018/05/10,11:56:56.8,"LEYTE, PHILIPPINES      ",10.17,125.44,10.0,C201805101156A,24,-1.580,1.920,-0.348,1.580,-0.513,3.340,0.045,0.039,0.043,0.072,0.077,0.031,4.068,14,59,-161,273,74,-33.0,5.7
116,2018/05/10,18:02:29.4,"MINDANAO, PHILIPPINES   ",6.88,123.81,546.1,C201805101802A,24,-3.530,-1.210,4.750,2.280,-6.010,3.610,0.062,0.091,0.099,0.092,0.087,0.089,8.519,239,35,-26,351,75,-122.0,5.9
117,2018/05/13,05:50:33.9,TONGA ISLANDS           ,-21.16,-173.87,10.0,C201805130550A,24,2.680,-0.391,-2.290,0.626,1.130,-1.340,0.075,0.058,0.056,0.134,0.117,0.048,3.112,206,33,89,28,57,91.0,5.6
118,2018/05/14,18:14:47.9,SOUTH SANDWICH ISLANDS R,-55.98,-27.10,10.0,C201805141814A,24,1.430,-0.391,-1.040,0.015,1.030,1.110,0.032,0.030,0.027,0.048,0.048,0.022,1.976,120,37,52,344,62,115.0,5.5
119,2018/05/15,15:48:10.0,NORTHWEST OF MADAGASCAR ,-12.78,45.59,17.0,C201805151548A,24,-1.370,3.010,-1.640,-2.780,-0.640,-7.070,0.072,0.066,0.073,0.101,0.098,0.057,8.015,350,68,-6,82,84,-158.0,5.9
120,2018/05/16,02:12:17.1,"IRIAN JAYA, INDONESIA   ",-3.79,138.60,88.2,C201805160212A,24,-0.246,-2.850,3.100,-1.360,0.257,0.194,0.035,0.038,0.043,0.027,0.031,0.037,3.282,44,71,-14,139,77,-160.0,5.6
121,2018/05/16,17:22:13.4,SOUTH OF KERMADEC ISLAND,-33.92,-179.54,10.0,C201805161722A,25,0.704,0.084,-0.787,0.031,0.345,-0.262,0.007,0.006,0.006,0.007,0.007,0.005,0.856,202,34,100,10,57,84.0,5.9
122,2018/05/17,04:15:52.0,HAWAII                  ,19.00,-155.00,10.0,C201805170415A,23,-3.170,1.660,1.520,1.060,0.079,1.180,0.064,0.071,0.066,0.283,0.263,0.058,3.143,38,38,-106,237,54,-78.0,4.9
123,2018/05/17,14:04:32.0,HAWAII                  ,19.50,-155.50,10.0,C201805171404A,23,-3.030,1.470,1.560,0.026,-0.513,1.250,0.070,0.077,0.071,0.299,0.278,0.059,2.940,230,42,-81,38,49,-98.0,4.9
124,2018/05/17,18:42:10.3,"HOKKAIDO, JAPAN REGION  ",42.71,145.58,10.0,C201805171842A,24,3.590,-1.970,-1.620,2.150,3.710,-2.910,0.051,0.038,0.042,0.065,0.077,0.031,6.000,245,25,120,33,69,77.0,5.8
125,2018/05/17,18:47:09.7,MARIANA ISLANDS         ,13.01,145.35,45.1,C201805171847A,24,1.280,-0.444,-0.836,-0.119,0.677,-1.040,0.071,0.039,0.044,0.081,0.082,0.026,1.672,243,42,127,18,58,62.0,5.4
126,2018/05/17,21:43:10.5,SOUTH OF KERMADEC ISLAND,-32.08,-179.98,238.4,C201805172143A,24,1.680,0.275,-1.960,-4.410,2.030,1.640,0.047,0.076,0.072,0.060,0.062,0.067,5.443,184,22,154,299,81,70.0,5.8
127,2018/05/18,01:45:31.5,SOUTH OF KERMADEC ISLAND,-34.55,-178.42,10.6,C201805180145A,25,-1.390,-0.377,1.760,-0.280,-0.347,0.187,0.010,0.008,0.009,0.018,0.017,0.007,1.654,172,40,-110,17,53,-74.0,6.1
128,2018/05/18,12:43:54.5,SOUTH OF PANAMA         ,4.03,-82.51,10.0,C201805181243A,24,0.079,-0.225,0.146,-0.074,0.480,2.090,0.025,0.020,0.028,0.053,0.069,0.024,2.153,87,77,-1,177,89,-167.0,5.5
129,2018/05/19,09:58:48.0,HAWAII                  ,19.00,-155.00,10.0,C201805190958A,23,-4.030,2.290,1.740,1.350,-0.334,1.500,0.075,0.083,0.078,0.317,0.296,0.067,4.004,39,40,-110,244,53,-74.0,5.0
130,2018/05/20,00:42:14.6,TONGA ISLANDS           ,-21.02,-173.84,10.0,C201805200042A,24,3.270,-0.129,-3.140,0.901,2.180,-1.210,0.041,0.030,0.033,0.076,0.078,0.022,4.153,197,28,86,21,62,92.0,5.7
131,2018/05/20,01:58:13.3,HAWAII                  ,19.41,-155.28,0.0,C201805200158A,23,-2.490,1.540,0.958,1.400,0.276,0.879,0.207,0.134,0.128,0.292,0.279,0.079,2.725,46,31,-107,246,60,-80.0,4.9
132,2018/05/20,08:01:27.1,NORTHWEST OF MADAGASCAR ,-12.78,45.63,10.0,C201805200801A,24,-0.113,0.801,-0.688,-1.180,-0.098,-1.300,0.026,0.027,0.025,0.048,0.034,0.021,1.900,346,52,0,77,90,-142.0,5.5
133,2018/05/20,21:50:07.3,HAWAII                  ,19.41,-155.28,0.0,C201805202150B,23,-2.070,1.000,1.070,0.875,0.798,0.664,0.061,0.077,0.073,0.370,0.405,0.05,2.226,42,29,-93,226,61,-88.0,4.8
134,2018/05/21,00:47:13.9,NORTHWEST OF MADAGASCAR ,-12.88,45.68,10.0,C201805210047A,24,0.029,0.548,-0.578,-1.390,-0.041,-1.980,0.042,0.034,0.038,0.053,0.045,0.028,2.482,353,56,2,262,88,146.0,5.5
135,2018/05/21,10:55:44.0,HAWAII                  ,19.25,-155.25,10.0,C201805211055A,23,-2.610,1.230,1.380,0.453,0.716,0.776,0.060,0.072,0.065,0.312,0.231,0.052,2.495,44,35,-86,219,55,-93.0,4.9
136,2018/05/22,00:26:07.3,SOUTH OF MARIANA ISLANDS,12.97,145.38,15.6,C201805220026A,24,2.290,-0.343,-1.940,0.792,2.610,-2.420,0.041,0.033,0.037,0.087,0.126,0.031,4.117,242,29,131,18,68,70.0,5.7
137,2018/05/22,03:51:28.0,HAWAII                  ,19.00,-155.00,10.0,C201805220351A,23,-2.700,1.480,1.230,1.230,0.766,0.898,0.068,0.077,0.071,0.294,0.289,0.061,2.872,46,30,-96,233,60,-86.0,4.9
138,2018/05/23,01:37:48.7,NEAR EAST COAST OF KAMCH,55.27,161.92,58.8,C201805230137A,24,3.880,-0.476,-3.410,1.550,1.640,-2.190,0.046,0.037,0.041,0.043,0.045,0.031,4.802,198,32,75,36,59,99.0,5.7
139,2018/05/23,05:44:43.9,CENTRAL MID-ATLANTIC RID,7.40,-36.21,10.0,C201805230544A,24,-0.718,0.223,0.495,-0.321,0.226,-4.190,0.045,0.044,0.043,0.113,0.108,0.041,4.207,1,86,2,271,88,176.0,5.7
140,2018/05/23,07:59:12.0,HAWAII                  ,19.25,-154.75,10.0,C201805230759A,23,-2.740,1.630,1.110,0.460,-0.443,0.697,0.166,0.109,0.101,0.277,0.293,0.063,2.487,46,44,-105,246,47,-76.0,4.9
141,2018/05/24,04:44:08.0,HAWAII                  ,18.75,-155.25,10.0,C201805240444A,23,-2.750,1.520,1.240,1.530,0.999,0.841,0.075,0.090,0.084,0.372,0.345,0.068,3.088,48,27,-95,234,63,-87.0,4.9
142,2018/05/24,15:04:12.9,SOUTHEAST INDIAN RIDGE  ,-45.10,95.86,10.0,C201805241504A,24,-0.235,1.120,-0.888,-0.200,-0.013,-0.549,0.019,0.020,0.019,0.041,0.041,0.016,1.159,330,82,2,239,88,172.0,5.3
143,2018/05/24,23:11:47.1,CENTRAL MID-ATLANTIC RID,0.79,-29.53,10.0,C201805242311A,24,-0.326,0.762,-0.436,-0.443,0.477,-3.440,0.040,0.038,0.039,0.085,0.088,0.037,3.544,265,83,175,355,85,7.0,5.6
144,2018/05/26,02:16:16.0,HAWAII                  ,19.50,-155.50,10.0,C201805260216A,23,-3.070,1.520,1.560,1.230,-0.744,1.180,0.070,0.073,0.074,0.275,0.275,0.064,3.163,27,45,-118,244,52,-65.0,4.9
145,2018/05/26,10:44:48.0,HAWAII                  ,18.75,-155.25,10.0,C201805261044A,23,-1.500,0.902,0.596,-0.519,-0.347,0.155,0.068,0.071,0.071,0.372,0.347,0.068,1.381,248,32,-86,62,58,-93.0,4.7
146,2018/05/29,11:56:11.0,HAWAII                  ,19.41,-155.28,1.1,C201805291156A,23,-7.090,3.700,3.390,2.340,-0.628,3.000,0.086,0.088,0.086,0.265,0.263,0.074,7.195,34,41,-111,241,52,-72.0,5.2
147,2018/05/30,20:53:51.7,HAWAII                  ,19.41,-155.30,1.0,C201805302053A,24,-0.905,0.504,0.401,0.267,-0.102,0.350,0.011,0.012,0.012,0.033,0.033,0.01,0.896,37,42,-110,243,51,-73.0,5.2
148,2018/06/01,04:52:30.9,SOUTH OF KERMADEC ISLAND,-33.06,-179.40,10.0,C201806010452A,24,0.919,-2.840,1.920,-0.286,-0.752,2.600,0.041,0.040,0.040,0.061,0.066,0.036,3.659,250,77,13,157,77,166.0,5.6
149,2018/06/01,23:37:15.1,HAWAII                  ,19.40,-155.28,0.4,C201806012337A,24,-1.290,0.690,0.601,0.345,-0.127,0.456,0.014,0.014,0.014,0.043,0.045,0.012,1.243,37,42,-108,240,50,-75.0,5.3
150,2018/06/02,09:48:08.4,EAST OF KURIL ISLANDS   ,43.95,148.04,10.0,C201806020948A,24,0.940,0.571,-1.510,-1.520,-0.870,0.925,0.021,0.017,0.021,0.065,0.056,0.015,2.287,306,53,30,197,67,139.0,5.5
151,2018/06/02,11:53:06.8,SAMOA ISLANDS REGION    ,-14.78,-173.11,49.8,C201806021153A,24,0.746,3.550,-4.300,1.770,5.370,4.050,0.038,0.038,0.037,0.103,0.099,0.032,7.998,113,45,4,19,87,134.0,5.9
152,2018/06/02,16:29:01.8,"TALAUD ISLANDS, INDONESI",4.57,126.69,40.9,C201806021629A,24,3.130,1.660,-4.790,-1.250,1.860,-3.060,0.051,0.042,0.048,0.098,0.103,0.039,5.564,237,51,147,349,65,43.0,5.8
153,2018/06/03,00:48:09.1,TONGA ISLANDS           ,-19.40,-173.68,10.0,C201806030048A,24,3.880,0.059,-3.940,1.190,1.810,-1.380,0.044,0.034,0.034,0.067,0.059,0.026,4.665,188,32,75,25,59,99.0,5.7
154,2018/06/04,01:50:48.5,HAWAII                  ,19.41,-155.28,-1.1,C201806040150A,24,-1.250,0.629,0.625,0.601,-0.132,0.470,0.012,0.013,0.013,0.038,0.039,0.011,1.304,31,39,-117,244,56,-70.0,5.3
155,2018/06/05,14:32:27.6,HAWAII                  ,19.40,-155.29,1.5,C201806051432A,24,-1.330,0.706,0.629,0.141,-0.235,0.448,0.013,0.014,0.014,0.042,0.042,0.012,1.247,237,44,-76,38,47,-103.0,5.3
156,2018/06/06,18:51:34.6,SOUTH SANDWICH ISLANDS R,-58.38,-25.74,31.0,C201806061851A,24,3.240,0.486,-3.720,-0.366,0.818,0.199,0.046,0.038,0.035,0.037,0.041,0.032,3.602,184,39,100,351,52,82.0,5.6
157,2018/06/07,02:06:38.7,HAWAII                  ,19.41,-155.28,0.6,C201806070206A,24,-1.510,0.706,0.807,0.649,-0.243,0.564,0.017,0.019,0.019,0.057,0.053,0.015,1.547,27,42,-117,242,53,-67.0,5.4
158,2018/06/08,12:44:34.1,HAWAII                  ,19.41,-155.28,1.0,C201806081244A,23,-6.870,3.650,3.220,2.420,-1.510,2.580,0.085,0.090,0.086,0.306,0.289,0.073,6.931,32,44,-116,245,51,-67.0,5.2
159,2018/06/09,14:48:18.1,HAWAII                  ,19.41,-155.28,0.5,C201806091448A,24,-0.879,0.475,0.404,0.335,-0.270,0.326,0.010,0.011,0.010,0.032,0.032,0.009,0.905,30,46,-119,248,51,-64.0,5.2
160,2018/06/10,10:51:02.0,HAWAII                  ,19.41,-155.28,1.0,C201806101051A,24,-0.934,0.517,0.417,0.440,-0.146,0.336,0.011,0.012,0.011,0.036,0.036,0.01,0.968,35,39,-118,249,56,-69.0,5.3
161,2018/06/11,14:43:54.4,HAWAII                  ,19.41,-155.28,0.5,C201806111443A,24,-1.010,0.554,0.460,0.350,-0.097,0.385,0.012,0.013,0.013,0.038,0.038,0.011,1.011,36,41,-111,243,53,-73.0,5.3
162,2018/06/12,11:52:51.2,HAWAII                  ,19.41,-155.28,0.8,C201806121152A,24,-1.050,0.572,0.476,0.245,-0.197,0.354,0.011,0.011,0.011,0.035,0.036,0.01,1.004,36,45,-109,242,48,-72.0,5.3
163,2018/06/12,23:08:28.1,"SOUTHWEST OF SUMATRA, IN",-2.10,98.52,10.0,C201806122308A,24,3.830,-2.250,-1.580,4.850,-5.270,2.100,0.057,0.051,0.054,0.156,0.158,0.044,8.173,304,15,78,137,76,93.0,5.9
164,2018/06/13,06:59:01.5,"SOUTHERN SUMATRA, INDONE",-1.91,98.66,10.0,C201806130659A,24,1.080,-0.571,-0.510,1.520,-1.580,0.676,0.019,0.016,0.019,0.047,0.047,0.014,2.475,311,14,85,136,76,91.0,5.5
165,2018/06/13,13:39:37.6,HAWAII                  ,19.41,-155.28,0.3,C201806131339A,24,-1.120,0.575,0.542,0.405,-0.254,0.361,0.014,0.015,0.014,0.046,0.047,0.012,1.100,31,44,-115,244,51,-68.0,5.3
166,2018/06/14,06:27:39.2,OFF COAST OF SOUTHERN CH,-45.85,-76.31,10.0,C201806140627A,24,-0.305,1.660,-1.360,-0.270,-1.010,-2.990,0.034,0.034,0.038,0.093,0.111,0.03,3.519,78,74,-171,345,81,-16.0,5.6
167,2018/06/14,13:19:37.1,HAWAII                  ,19.41,-155.28,0.5,C201806141319A,24,-1.140,0.616,0.526,0.322,-0.208,0.389,0.012,0.013,0.012,0.038,0.038,0.01,1.104,35,44,-111,243,50,-71.0,5.3
168,2018/06/14,18:12:24.0,CENTRAL MID-ATLANTIC RID,0.75,-25.75,10.0,C201806141812A,24,-0.097,0.377,-0.280,-0.050,0.129,-2.080,0.020,0.022,0.023,0.037,0.039,0.025,2.110,265,86,179,356,89,4.0,5.5
169,2018/06/15,00:57:13.1,NEAR NORTH COAST OF IRIA,-1.97,138.76,10.0,C201806150057A,24,-1.020,-0.465,1.490,-1.220,0.811,2.860,0.032,0.028,0.034,0.102,0.100,0.025,3.472,175,68,-157,76,69,-24.0,5.6
170,2018/06/15,13:18:53.8,TONGA ISLANDS           ,-15.40,-173.00,10.0,C201806151318A,24,-0.776,1.570,-0.791,-0.878,0.762,0.335,0.027,0.029,0.029,0.024,0.022,0.025,1.818,226,43,-155,117,73,-49.0,5.4
171,2018/06/15,21:56:39.9,HAWAII                  ,19.42,-155.28,0.3,C201806152156A,24,-1.070,0.568,0.505,0.357,-0.300,0.375,0.010,0.012,0.012,0.032,0.032,0.009,1.070,31,46,-116,246,50,-66.0,5.3
172,2018/06/16,03:23:32.1,FIJI ISLANDS REGION     ,-16.25,-177.61,10.0,C201806160323A,25,0.064,-1.090,1.020,0.052,0.020,0.624,0.008,0.009,0.008,0.023,0.023,0.007,1.227,330,87,-180,240,90,-3.0,6.0
173,2018/06/16,20:18:17.7,HAWAII                  ,19.41,-155.29,0.2,C201806162018A,24,-1.120,0.591,0.528,0.346,-0.293,0.374,0.011,0.012,0.011,0.034,0.034,0.01,1.099,31,46,-114,245,49,-67.0,5.3
174,2018/06/17,09:46:25.6,"LUZON, PHILIPPINES      ",14.90,119.73,34.3,C201806170946A,24,1.430,0.264,-1.700,-0.483,-1.390,-0.186,0.022,0.016,0.020,0.038,0.047,0.014,2.159,352,25,69,196,67,100.0,5.5
175,2018/06/17,16:26:13.1,HAWAII                  ,19.41,-155.28,0.8,C201806171626A,24,-1.040,0.581,0.460,0.308,-0.196,0.370,0.010,0.010,0.010,0.031,0.032,0.009,1.021,36,44,-112,245,50,-70.0,5.3
176,2018/06/17,22:58:35.8,NEAR S. COAST OF WESTERN,34.83,135.61,15.4,C201806172258A,24,1.720,1.940,-3.660,0.406,-0.464,-0.987,0.032,0.026,0.033,0.075,0.076,0.024,3.147,50,63,157,151,69,29.0,5.6
177,2018/06/18,02:32:56.9,GUATEMALA               ,14.18,-90.67,99.7,C201806180232A,24,-1.090,2.260,-1.170,2.300,-2.840,-1.430,0.043,0.044,0.051,0.028,0.030,0.042,4.352,69,28,-160,322,81,-63.0,5.7
178,2018/06/18,07:09:41.7,EASTER ISLAND REGION    ,-29.93,-111.88,10.0,C201806180709A,24,-0.270,-3.890,4.160,-0.559,0.052,4.190,0.047,0.044,0.047,0.082,0.087,0.043,5.839,158,85,-177,68,87,-5.0,5.8
179,2018/06/18,16:12:48.5,HAWAII                  ,19.41,-155.28,0.4,C201806181612A,24,-1.070,0.606,0.461,0.227,-0.065,0.349,0.011,0.012,0.012,0.039,0.039,0.01,1.004,43,42,-103,240,50,-79.0,5.3
180,2018/06/19,15:05:34.0,HAWAII                  ,19.41,-155.28,0.6,C201806191505A,24,-0.967,0.524,0.443,0.324,-0.136,0.343,0.010,0.011,0.011,0.031,0.030,0.009,0.953,35,42,-112,244,52,-71.0,5.3
181,2018/06/20,14:22:23.5,HAWAII                  ,19.41,-155.29,0.2,C201806201422A,24,-1.040,0.569,0.466,0.228,-0.307,0.364,0.012,0.012,0.012,0.037,0.038,0.01,1.019,244,46,-67,33,48,-112.0,5.3
182,2018/06/20,23:23:30.1,TONGA ISLANDS REGION    ,-22.40,-175.06,36.0,C201806202323A,24,1.700,-0.448,-1.250,0.421,1.310,-0.957,0.029,0.021,0.021,0.042,0.045,0.015,2.263,225,28,109,24,64,80.0,5.5
183,2018/06/21,16:08:02.3,CHILE-ARGENTINA BORDER R,-24.29,-67.06,179.9,C201806211608A,24,-2.890,-0.100,2.990,0.062,-2.590,-0.141,0.030,0.039,0.046,0.027,0.033,0.037,3.921,176,24,-92,358,66,-89.0,5.7
184,2018/06/21,19:33:08.4,TONGA ISLANDS REGION    ,-22.54,-174.91,4.8,C201806211933A,24,2.490,-0.358,-2.130,0.981,2.040,-1.200,0.035,0.025,0.027,0.073,0.078,0.018,3.457,208,25,92,26,65,89.0,5.6
185,2018/06/21,21:13:32.4,VANUATU ISLANDS         ,-17.82,168.02,21.8,C201806212113A,25,2.080,0.048,-2.130,0.310,0.038,0.612,0.012,0.009,0.009,0.010,0.010,0.007,2.210,354,45,103,156,46,77.0,6.2
186,2018/06/21,23:12:59.4,HAWAII                  ,19.41,-155.29,0.6,C201806212312A,24,-1.180,0.683,0.500,0.451,0.019,0.293,0.017,0.017,0.017,0.066,0.071,0.015,1.126,47,35,-104,245,56,-80.0,5.3
187,2018/06/23,00:33:38.2,SOLOMON ISLANDS         ,-10.26,161.12,16.6,C201806230033A,24,-1.210,1.470,-0.262,0.489,-2.050,-1.130,0.028,0.023,0.023,0.044,0.062,0.022,2.742,85,35,-153,332,75,-58.0,5.6
188,2018/06/23,04:52:16.2,HAWAII                  ,19.40,-155.27,0.3,C201806230452A,24,-0.972,0.535,0.437,0.218,-0.188,0.346,0.010,0.011,0.011,0.035,0.036,0.009,0.939,36,45,-109,243,48,-72.0,5.2
189,2018/06/24,02:34:35.9,HAWAII                  ,19.41,-155.29,-1.1,C201806240234A,24,-0.790,0.460,0.330,0.353,-0.135,0.270,0.010,0.011,0.011,0.037,0.036,0.009,0.808,38,39,-117,251,55,-70.0,5.2
190,2018/06/24,18:43:42.9,CENTRAL EAST PACIFIC RIS,-9.03,-108.54,10.0,C201806241843A,24,0.582,1.610,-2.190,0.023,-0.795,7.960,0.057,0.052,0.060,0.145,0.154,0.051,8.221,277,85,0,7,90,-175.0,5.9
191,2018/06/25,02:12:24.2,HAWAII                  ,19.41,-155.28,0.9,C201806250212A,23,-7.120,3.510,3.610,1.550,-3.540,2.460,0.087,0.102,0.098,0.317,0.306,0.082,7.401,240,41,-60,22,55,-114.0,5.2
192,2018/06/25,05:14:48.7,SOUTHERN GREECE         ,36.78,21.41,30.4,C201806250514A,24,-0.493,-2.120,2.610,0.124,0.564,0.113,0.034,0.032,0.035,0.058,0.061,0.028,2.422,316,80,176,47,86,10.0,5.5
193,2018/06/25,10:52:42.4,CENTRAL MID-ATLANTIC RID,3.16,-31.31,10.0,C201806251052A,24,-1.790,0.191,1.600,0.000,-0.384,-0.449,0.019,0.019,0.018,0.060,0.052,0.016,1.802,161,39,-95,347,51,-86.0,5.4
194,2018/06/26,01:48:44.2,SOUTH SANDWICH ISLANDS R,-59.54,-29.78,27.2,C201806260148A,24,-0.499,-1.550,2.050,0.498,0.768,2.500,0.043,0.039,0.042,0.101,0.102,0.036,3.185,341,79,173,73,83,11.0,5.6
195,2018/06/26,03:02:44.7,HAWAII                  ,19.41,-155.28,0.8,C201806260302A,24,-0.832,0.440,0.392,0.335,-0.267,0.272,0.012,0.013,0.012,0.051,0.044,0.01,0.843,30,45,-119,248,51,-64.0,5.2
196,2018/06/26,09:15:36.9,"GALAPAGOS ISLANDS, ECUAD",-0.68,-90.91,10.0,C201806260915A,24,1.280,-1.200,-0.079,0.714,-0.573,-0.061,0.016,0.014,0.019,0.041,0.044,0.014,1.528,252,33,58,108,63,108.0,5.4
197,2018/06/27,08:40:40.3,HAWAII                  ,19.41,-155.28,0.6,C201806270840A,24,-0.927,0.491,0.436,0.289,-0.352,0.312,0.011,0.013,0.012,0.040,0.038,0.01,0.935,246,47,-62,28,49,-117.0,5.2
198,2018/06/28,14:48:50.4,HAWAII                  ,19.41,-155.29,0.2,C201806281448A,24,-0.920,0.579,0.341,0.360,-0.271,0.352,0.011,0.013,0.012,0.038,0.039,0.01,0.965,37,44,-119,255,53,-65.0,5.3
199,2018/06/28,16:47:49.6,VANUATU ISLANDS         ,-15.14,167.46,119.5,C201806281647A,24,0.664,-0.713,0.049,-0.989,-1.930,-0.646,0.029,0.034,0.036,0.021,0.021,0.029,2.365,92,18,152,209,81,74.0,5.5
200,2018/06/29,17:50:46.3,HAWAII                  ,19.41,-155.28,0.5,C201806291750A,24,-0.845,0.466,0.379,0.262,-0.206,0.291,0.010,0.011,0.011,0.032,0.034,0.009,0.833,34,45,-114,246,50,-68.0,5.2
201,2018/06/30,03:56:52.2,"NEAR COAST OF JALISCO, M",19.07,-105.09,24.8,C201806300356A,25,0.361,-0.460,0.100,-0.204,0.325,-0.846,0.006,0.005,0.006,0.013,0.015,0.005,1.014,274,67,156,14,68,25.0,5.9
202,2018/06/30,04:48:10.8,WESTERN INDIAN-ANTARCTIC,-51.14,139.40,10.0,C201806300448A,24,-0.136,0.224,-0.088,-0.027,0.205,-1.160,0.027,0.026,0.027,0.063,0.066,0.024,1.189,266,80,-179,176,89,-10.0,5.3
203,2018/07/01,00:51:12.9,HAWAII                  ,19.41,-155.28,-1.1,C201807010051A,24,-0.895,0.463,0.431,0.520,-0.572,0.342,0.011,0.010,0.010,0.033,0.033,0.009,1.053,251,50,-52,20,53,-127.0,5.3
204,2018/07/01,20:45:42.7,SEA OF OKHOTSK          ,46.93,145.00,388.0,C201807012045A,24,-0.082,1.820,-1.730,0.306,-1.520,-2.530,0.036,0.057,0.062,0.061,0.052,0.051,3.458,73,64,-177,342,87,-26.0,5.6
205,2018/07/02,11:24:25.8,HAWAII                  ,19.39,-155.27,-1.1,C201807021124A,24,-0.853,0.493,0.360,0.192,-0.316,0.249,0.011,0.012,0.011,0.036,0.034,0.01,0.829,249,46,-65,35,49,-114.0,5.2
206,2018/07/03,03:14:56.0,SOUTH OF FIJI ISLANDS   ,-26.25,-177.25,10.0,C201807030314A,24,2.710,-0.584,-2.130,-0.170,-0.083,0.341,0.076,0.046,0.050,0.086,0.073,0.029,2.462,345,45,85,171,46,95.0,5.5
207,2018/07/03,09:59:54.5,"MINDANAO, PHILIPPINES   ",5.88,125.23,99.6,C201807030959A,24,-2.420,2.740,-0.316,1.880,-1.780,-1.170,0.069,0.072,0.099,0.046,0.059,0.075,3.833,87,28,-127,307,68,-72.0,5.7
208,2018/07/03,12:17:03.8,HAWAII                  ,19.42,-155.27,0.2,C201807031217A,24,-0.798,0.427,0.372,0.202,-0.286,0.259,0.009,0.010,0.010,0.030,0.030,0.008,0.788,245,46,-64,30,50,-114.0,5.2
209,2018/07/04,16:37:03.9,VANUATU ISLANDS         ,-14.90,167.42,118.5,C201807041637A,24,0.542,1.800,-2.340,-1.410,0.357,0.852,0.026,0.030,0.030,0.020,0.022,0.029,2.708,210,59,165,307,78,32.0,5.6
210,2018/07/04,20:19:10.5,HAWAII                  ,19.40,-155.27,0.4,C201807042019A,24,-0.998,0.529,0.469,0.374,-0.447,0.375,0.012,0.013,0.013,0.040,0.041,0.011,1.061,248,48,-58,25,50,-120.0,5.3
211,2018/07/05,23:20:04.7,HAWAII                  ,19.41,-155.28,0.5,C201807052320A,24,-0.885,0.494,0.391,0.291,-0.345,0.335,0.011,0.013,0.011,0.038,0.036,0.01,0.921,249,49,-61,29,49,-119.0,5.2
212,2018/07/06,01:40:08.4,NEAR EAST COAST OF KAMCH,51.61,157.85,79.8,C201807060140A,25,1.370,-1.480,0.107,-1.130,-0.863,-0.640,0.012,0.010,0.011,0.012,0.011,0.009,2.104,87,26,118,237,67,77.0,6.1
213,2018/07/06,23:35:43.2,WESTERN INDIAN-ANTARCTIC,-49.66,125.71,10.0,C201807062335A,24,-0.297,1.310,-1.010,0.022,-0.337,2.440,0.033,0.032,0.034,0.064,0.068,0.028,2.725,283,83,-3,13,87,-173.0,5.6
214,2018/07/07,04:04:37.6,HAWAII                  ,19.40,-155.29,0.2,C201807070404A,24,-0.973,0.522,0.451,0.425,-0.160,0.390,0.012,0.012,0.012,0.035,0.035,0.01,1.016,32,41,-118,247,54,-68.0,5.3
215,2018/07/07,11:23:49.7,NEAR EAST COAST OF HONSH,35.09,140.65,39.4,C201807071123A,25,0.181,0.763,-0.945,-0.043,0.344,-0.519,0.008,0.008,0.009,0.009,0.010,0.007,1.050,241,73,-178,151,88,-17.0,5.9
216,2018/07/07,21:33:49.6,"KERMADEC ISLANDS, NEW ZE",-30.61,-178.02,34.5,C201807072133A,25,1.300,-0.003,-1.300,0.086,0.600,-0.386,0.009,0.007,0.007,0.007,0.008,0.006,1.483,199,33,96,12,57,86.0,6.0
217,2018/07/07,23:10:56.0,SOUTHEAST INDIAN RIDGE  ,-41.25,84.75,10.0,C201807072310A,24,-0.117,1.770,-1.650,0.034,0.195,-0.030,0.035,0.033,0.035,0.055,0.057,0.027,1.723,135,84,-4,226,86,-174.0,5.4
218,2018/07/08,01:08:29.1,LOYALTY ISLANDS         ,-21.31,168.41,10.0,C201807080108A,24,-1.760,0.136,1.620,0.068,0.102,-0.829,0.038,0.030,0.030,0.061,0.052,0.026,1.880,332,44,-96,160,46,-85.0,5.4
219,2018/07/08,12:54:50.5,HAWAII                  ,19.41,-155.30,-0.3,C201807081254A,24,-1.030,0.572,0.457,0.407,-0.426,0.401,0.014,0.015,0.015,0.051,0.048,0.013,1.100,28,48,-121,251,50,-60.0,5.3
220,2018/07/08,21:04:36.6,VANUATU ISLANDS         ,-19.04,169.51,259.3,C201807082104A,24,2.070,-0.765,-1.310,1.470,-1.070,-1.230,0.027,0.033,0.034,0.029,0.030,0.028,2.742,192,51,48,67,54,130.0,5.6
221,2018/07/09,19:20:46.3,HAWAII                  ,19.40,-155.29,-0.4,C201807091920A,24,-0.917,0.446,0.472,-0.036,-0.421,0.379,0.015,0.018,0.015,0.052,0.047,0.014,0.969,236,36,-69,30,57,-105.0,5.3
222,2018/07/10,10:26:22.0,SOUTHWEST INDIAN RIDGE  ,-31.59,58.35,10.0,C201807101026A,24,-2.170,2.030,0.137,-0.009,0.289,0.295,0.023,0.021,0.023,0.061,0.073,0.022,2.141,88,45,-80,254,46,-100.0,5.5
223,2018/07/10,16:05:09.8,SOUTHWEST INDIAN RIDGE  ,-31.60,58.13,10.0,C201807101605A,24,-2.250,2.170,0.078,0.021,0.303,0.224,0.024,0.022,0.026,0.061,0.072,0.023,2.242,91,45,-80,257,46,-100.0,5.5
224,2018/07/11,15:45:53.3,HAWAII                  ,19.40,-155.29,0.1,C201807111546A,24,-1.010,0.542,0.468,0.152,-0.449,0.349,0.011,0.012,0.012,0.037,0.037,0.01,1.024,243,41,-63,29,54,-112.0,5.3
225,2018/07/12,06:51:21.1,SOUTH OF FIJI ISLANDS   ,-23.35,-179.91,539.6,B201807120651A,24,0.533,-0.731,0.198,-0.788,-2.990,-1.260,0.045,0.075,0.071,0.073,0.065,0.06,3.402,95,23,167,196,85,67.0,5.6
226,2018/07/13,00:42:27.1,HAWAII                  ,19.40,-155.28,0.3,C201807130042A,24,-0.942,0.465,0.477,0.285,-0.362,0.345,0.011,0.011,0.011,0.036,0.035,0.009,0.965,243,46,-61,25,51,-117.0,5.3
227,2018/07/13,09:46:49.6,VANUATU ISLANDS         ,-18.93,169.02,169.2,C201807130946A,25,1.450,-0.480,-0.970,0.360,-5.010,0.991,0.021,0.025,0.026,0.018,0.018,0.024,5.272,299,13,36,174,83,100.0,6.4
228,2018/07/14,05:08:03.7,HAWAII                  ,19.40,-155.28,0.2,C201807140508A,24,-0.968,0.530,0.438,0.396,-0.440,0.386,0.012,0.012,0.012,0.038,0.037,0.01,1.052,26,50,-122,251,50,-58.0,5.3
229,2018/07/15,01:57:19.4,EASTERN GULF OF ADEN    ,14.07,51.74,10.0,C201807150157A,25,-0.066,1.310,-1.240,-0.126,0.124,0.856,0.012,0.013,0.014,0.022,0.023,0.012,1.546,208,84,-178,118,88,-6.0,6.1
230,2018/07/15,13:09:16.3,EASTERN GULF OF ADEN    ,13.82,51.65,10.0,C201807151309A,25,-0.103,1.070,-0.971,-0.299,0.287,0.630,0.008,0.008,0.009,0.020,0.021,0.008,1.272,210,71,-174,118,84,-19.0,6.0
231,2018/07/15,13:26:05.0,HAWAII                  ,19.41,-155.29,1.4,C201807151326A,24,-1.030,0.546,0.482,0.406,0.010,0.335,0.020,0.020,0.022,0.080,0.087,0.017,1.017,38,37,-108,240,55,-77.0,5.3
232,2018/07/16,15:18:38.7,BALLENY ISLANDS REGION  ,-61.40,154.85,10.0,C201807161518A,24,-0.484,6.050,-5.560,1.560,1.300,-4.750,0.051,0.054,0.054,0.145,0.151,0.049,7.780,154,75,-5,245,85,-165.0,5.9
233,2018/07/16,21:42:35.6,HAWAII                  ,19.40,-155.28,0.3,C201807162142A,24,-0.922,0.521,0.401,0.188,-0.416,0.378,0.010,0.011,0.011,0.036,0.036,0.009,0.974,247,44,-60,29,53,-116.0,5.3
234,2018/07/17,07:02:55.3,SANTA CRUZ ISLANDS      ,-11.69,166.33,59.8,C201807170702A,25,1.070,0.005,-1.080,-0.043,0.191,0.190,0.008,0.006,0.006,0.006,0.006,0.005,1.109,171,40,91,350,50,89.0,6.0
235,2018/07/18,11:28:03.6,HAWAII                  ,19.39,-155.27,-1.1,C201807181128A,24,-1.060,0.518,0.546,0.464,-0.529,0.434,0.013,0.013,0.014,0.042,0.043,0.011,1.180,246,48,-55,20,52,-122.0,5.3
236,2018/07/18,19:06:03.5,ALASKA PENINSULA        ,54.40,-160.72,28.0,C201807181906A,24,2.390,-2.280,-0.114,1.910,1.020,-1.350,0.037,0.031,0.033,0.043,0.040,0.024,3.429,247,25,94,63,65,88.0,5.6
237,2018/07/19,13:31:53.7,"OAXACA, MEXICO          ",17.81,-97.78,55.4,C201807191331A,25,-0.741,0.580,0.161,-0.195,-0.097,-0.429,0.007,0.005,0.006,0.005,0.005,0.005,0.827,317,43,-68,108,51,-109.0,5.9
238,2018/07/19,14:16:26.7,ALASKA PENINSULA        ,54.48,-160.90,17.1,C201807191416A,24,5.410,-4.860,-0.552,5.340,2.810,-2.690,0.073,0.058,0.056,0.095,0.080,0.041,8.357,246,22,93,63,68,89.0,5.9
239,2018/07/19,18:30:33.0,"NEW BRITAIN REGION, P.N.",-6.15,148.69,31.2,C201807191830A,25,0.999,-1.040,0.037,0.265,0.436,-0.518,0.009,0.007,0.007,0.009,0.010,0.006,1.246,267,38,119,51,58,69.0,6.0
240,2018/07/20,02:33:01.7,HAWAII                  ,19.41,-155.28,0.9,C201807200233A,24,-1.030,0.576,0.451,0.287,-0.421,0.405,0.011,0.012,0.012,0.037,0.037,0.01,1.075,248,47,-61,29,50,-117.0,5.3
241,2018/07/20,10:24:57.1,SANTIAGO DEL ESTERO PROV,-28.07,-63.25,587.8,C201807201024A,24,-2.630,2.440,0.183,-0.651,2.140,0.064,0.049,0.069,0.090,0.072,0.080,0.073,3.196,249,42,-132,119,60,-59.0,5.6
242,2018/07/20,23:56:01.0,MARIANA ISLANDS         ,18.47,146.00,125.8,C201807202356A,24,-1.110,0.513,0.600,-0.137,3.950,1.630,0.039,0.040,0.046,0.030,0.031,0.04,4.370,77,23,-18,184,83,-112.0,5.7
243,2018/07/21,19:43:28.4,HAWAII                  ,19.40,-155.29,-1.1,C201807211943A,24,-1.130,0.602,0.531,0.408,-0.192,0.397,0.013,0.014,0.014,0.045,0.046,0.011,1.123,33,42,-114,244,52,-70.0,5.3
244,2018/07/21,20:56:20.0,SOUTHEAST INDIAN RIDGE  ,-48.22,99.73,10.0,C201807212056A,24,-0.330,6.870,-6.540,0.099,0.430,2.480,0.050,0.050,0.052,0.136,0.131,0.049,7.163,125,87,-2,215,88,-177.0,5.8
245,2018/07/22,05:07:03.2,SOUTHERN IRAN           ,27.70,54.90,10.0,C201807220507A,24,1.170,-1.000,-0.174,0.404,-0.087,0.542,0.015,0.014,0.016,0.041,0.046,0.013,1.288,302,36,98,111,54,84.0,5.3
246,2018/07/22,10:07:26.5,WESTERN IRAN            ,34.65,46.18,5.7,C201807221007A,24,-0.529,-4.280,4.810,1.670,-0.055,4.500,0.069,0.069,0.073,0.189,0.170,0.066,6.625,338,76,-173,246,83,-14.0,5.8
247,2018/07/22,20:39:17.5,NORTHERN AND CENTRAL IRA,30.42,57.43,10.0,C201807222039A,24,0.225,-2.480,2.250,-0.760,-0.324,0.935,0.029,0.031,0.032,0.102,0.100,0.027,2.670,146,72,-179,56,89,-18.0,5.6
248,2018/07/22,21:21:57.3,VANUATU ISLANDS         ,-18.93,168.91,99.8,C201807222121A,24,-2.310,1.350,0.954,-1.140,0.737,-0.658,0.026,0.035,0.035,0.025,0.025,0.03,2.479,308,28,-87,125,62,-91.0,5.5
249,2018/07/23,06:53:38.8,HAWAII                  ,19.41,-155.29,0.6,C201807230653A,24,-0.968,0.503,0.465,0.398,-0.271,0.353,0.012,0.013,0.013,0.042,0.040,0.011,0.996,29,45,-119,247,52,-64.0,5.3
250,2018/07/23,10:36:00.3,CENTRAL MID-ATLANTIC RID,-0.35,-19.23,10.0,C201807231036A,25,-0.152,0.422,-0.270,0.054,0.087,-1.020,0.007,0.008,0.008,0.021,0.021,0.006,1.083,261,85,-175,170,85,-5.0,6.0
251,2018/07/24,14:44:52.6,OFF COAST OF NORTHERN CA,41.80,-126.86,10.0,C201807241444A,24,-2.910,-0.053,2.970,0.120,0.077,-0.075,0.028,0.028,0.025,0.095,0.085,0.023,2.944,356,44,-93,181,46,-87.0,5.6
252,2018/07/24,16:41:10.2,HAWAII                  ,19.41,-155.28,0.5,C201807241641A,24,-1.080,0.577,0.500,0.351,-0.518,0.425,0.013,0.014,0.014,0.043,0.042,0.011,1.158,248,46,-58,25,52,-119.0,5.3
253,2018/07/25,04:20:31.0,SOUTHEAST OF RYUKYU ISLA,25.44,130.52,10.0,C201807250420A,24,-0.006,0.731,-0.725,0.197,0.129,0.994,0.016,0.014,0.017,0.036,0.040,0.013,1.254,109,82,6,18,84,172.0,5.3
254,2018/07/25,19:45:04.6,SOUTH SANDWICH ISLANDS R,-56.06,-27.65,120.8,C201807251945A,24,2.800,-3.930,1.130,-0.253,-1.890,2.910,0.042,0.052,0.056,0.040,0.037,0.048,4.887,260,55,35,148,62,139.0,5.7
255,2018/07/25,23:42:49.3,EASTER ISLAND REGION    ,-29.31,-112.03,10.0,C201807252342A,24,-0.686,-0.765,1.450,-0.181,0.422,-2.030,0.040,0.033,0.040,0.075,0.087,0.035,2.344,284,83,177,14,87,7.0,5.5
256,2018/07/26,22:09:11.3,HAWAII                  ,19.40,-155.27,0.2,C201807262209B,24,-1.110,0.612,0.493,0.148,-0.482,0.404,0.012,0.013,0.013,0.040,0.038,0.011,1.131,244,42,-63,30,54,-112.0,5.3
257,2018/07/28,09:28:20.1,"KERMADEC ISLANDS, NEW ZE",-29.98,-177.44,34.7,C201807280928A,24,3.190,0.075,-3.260,0.587,2.710,-1.070,0.038,0.029,0.030,0.047,0.050,0.023,4.374,200,25,96,14,65,87.0,5.7
258,2018/07/28,12:37:25.4,HAWAII                  ,19.40,-155.27,0.3,C201807281237A,24,-1.010,0.547,0.460,0.345,-0.396,0.388,0.012,0.012,0.012,0.036,0.035,0.01,1.056,248,49,-61,28,49,-119.0,5.3
259,2018/07/28,17:07:23.4,FLORES SEA              ,-7.16,122.75,578.5,C201807281707A,25,-1.180,1.380,-0.201,0.403,0.011,0.022,0.009,0.014,0.016,0.013,0.014,0.014,1.342,89,36,-90,269,54,-90.0,6.0
260,2018/07/28,22:47:37.5,"SUMBAWA REGION, INDONESI",-8.27,116.49,6.4,C201807282247A,25,3.940,-4.340,0.407,-4.600,-0.132,-0.253,0.017,0.015,0.018,0.047,0.052,0.015,6.195,86,21,88,268,69,91.0,6.5
261,2018/07/29,22:10:25.6,HAWAII                  ,19.41,-155.28,0.9,C201807292210A,24,-0.941,0.502,0.439,0.219,-0.416,0.349,0.010,0.011,0.011,0.034,0.034,0.009,0.973,245,44,-61,27,53,-115.0,5.3
262,2018/07/31,08:42:20.4,NEAR EAST COAST OF HONSH,37.17,141.16,10.2,C201807310842A,24,-1.860,1.290,0.564,-0.201,0.068,0.959,0.019,0.017,0.021,0.046,0.054,0.016,1.919,230,43,-98,61,47,-83.0,5.5
263,2018/07/31,17:59:46.0,HAWAII                  ,19.41,-155.29,0.8,C201807311759A,24,-0.978,0.522,0.456,0.309,-0.307,0.385,0.012,0.012,0.012,0.037,0.039,0.01,1.004,29,47,-117,246,49,-64.0,5.3
264,2018/08/02,13:01:21.5,SOUTH OF KERMADEC ISLAND,-34.87,-178.59,8.7,C201808021301A,24,0.795,-0.570,-0.225,0.087,-0.760,-0.994,0.021,0.021,0.020,0.016,0.016,0.018,1.438,83,47,147,198,66,48.0,5.4
265,2018/08/02,21:55:12.0,HAWAII                  ,19.41,-155.28,0.8,C201808022155A,24,-1.000,0.542,0.463,0.305,-0.392,0.398,0.011,0.012,0.012,0.036,0.037,0.01,1.047,247,47,-61,28,50,-118.0,5.3
266,2018/08/03,18:50:54.0,CENTRAL MID-ATLANTIC RID,-0.92,-21.98,10.0,C201808031850A,24,-0.663,2.570,-1.910,0.397,0.912,-7.220,0.056,0.051,0.056,0.090,0.098,0.054,7.633,262,83,-175,171,85,-7.0,5.9
267,2018/08/05,08:56:22.4,"SOUTHERN SUMATRA, INDONE",-2.44,99.34,10.0,C201808050856A,23,5.020,-3.950,-1.070,4.240,-3.050,3.250,0.183,0.134,0.156,0.189,0.214,0.099,7.616,300,23,85,125,67,92.0,5.2
268,2018/08/05,11:46:37.8,"SUMBAWA REGION, INDONESI",-8.29,116.45,31.0,C201808051146A,26,2.000,-2.130,0.125,-2.420,-0.134,-0.023,0.008,0.006,0.006,0.036,0.025,0.005,3.184,92,20,94,267,70,89.0,6.9
269,2018/08/07,13:57:09.9,GREENLAND SEA           ,74.65,8.45,10.0,C201808071357A,24,-4.690,0.532,4.150,-0.899,-0.911,2.170,0.041,0.049,0.036,0.122,0.102,0.035,5.094,199,38,-99,30,52,-83.0,5.7
270,2018/08/07,15:12:56.8,OFF EAST COAST OF HONSHU,37.88,144.07,10.0,C201808071512A,24,-2.710,-0.306,3.010,-1.300,-0.201,1.610,0.052,0.038,0.041,0.068,0.062,0.03,3.526,178,45,-127,45,56,-59.0,5.6
271,2018/08/09,05:25:31.9,"SUMBAWA REGION, INDONESI",-8.39,116.21,10.0,C201808090525A,25,0.665,-0.722,0.057,-0.551,-0.081,-0.088,0.008,0.006,0.006,0.018,0.016,0.005,0.893,85,26,93,262,64,89.0,5.9
272,2018/08/09,16:53:39.5,SOUTH ATLANTIC OCEAN    ,-33.39,2.50,10.0,C201808091653A,24,2.230,-2.760,0.533,0.124,1.190,-1.240,0.032,0.027,0.031,0.084,0.102,0.026,3.053,278,47,132,46,57,55.0,5.6
273,2018/08/09,19:21:53.6,NEAR COAST OF GUATEMALA ,13.57,-91.18,28.6,C201808091921A,24,3.070,-2.500,-0.571,2.090,-1.130,1.510,0.041,0.031,0.037,0.048,0.054,0.025,3.984,299,27,90,119,63,90.0,5.7
274,2018/08/10,18:09:25.0,BALLENY ISLANDS REGION  ,-62.62,165.76,10.0,C201808101809A,24,-0.127,1.940,-1.810,-0.852,0.461,-0.378,0.044,0.031,0.041,0.093,0.108,0.035,2.122,229,66,175,321,85,24.0,5.5
275,2018/08/10,18:12:05.4,KURIL ISLANDS           ,48.47,154.77,15.8,C201808101812A,25,-1.300,0.294,1.000,-0.804,-1.170,0.681,0.010,0.007,0.008,0.014,0.017,0.006,1.964,208,22,-95,34,68,-88.0,6.1
276,2018/08/11,12:15:36.8,WEST OF MACQUARIE ISLAND,-55.12,146.53,10.0,C201808111215A,24,-0.360,1.680,-1.320,0.855,0.111,-4.020,0.035,0.038,0.036,0.107,0.089,0.038,4.377,170,79,-1,260,89,-169.0,5.7
277,2018/08/12,14:58:54.7,NORTHERN ALASKA         ,69.62,-145.25,9.9,C201808121458A,25,-0.977,-1.990,2.970,-0.443,-1.850,-5.030,0.019,0.022,0.021,0.057,0.057,0.018,5.941,104,70,-175,12,86,-20.0,6.4
278,2018/08/12,19:41:34.6,SOUTHEAST OF EASTER ISLA,-35.69,-102.37,10.0,C201808121941A,24,-0.331,-0.550,0.881,0.468,-0.272,-3.060,0.039,0.036,0.040,0.087,0.095,0.036,3.184,187,81,2,96,88,171.0,5.6
279,2018/08/12,21:15:02.7,NORTHERN ALASKA         ,69.61,-144.39,10.0,C201808122115A,25,-0.173,-0.744,0.917,-0.045,-0.175,-1.100,0.008,0.009,0.008,0.020,0.020,0.008,1.390,109,82,-179,18,89,-8.0,6.0
280,2018/08/14,03:29:53.4,SOUTH SANDWICH ISLANDS R,-58.11,-25.26,35.0,C201808140329A,25,1.070,-1.380,0.311,0.930,-0.746,-0.402,0.009,0.008,0.008,0.016,0.015,0.007,1.773,229,37,38,108,68,121.0,6.1
281,2018/08/15,21:56:54.8,"ANDREANOF ISLANDS, ALEUT",51.44,-178.05,20.0,C201808152156A,26,0.632,-0.600,-0.032,0.428,0.416,-0.245,0.003,0.002,0.002,0.004,0.004,0.002,0.892,265,27,119,54,67,76.0,6.6
282,2018/08/16,18:22:53.3,"VOLCANO ISLANDS, JAPAN R",23.44,143.31,20.0,C201808161822A,25,2.380,-0.069,-2.320,0.117,2.920,1.370,0.019,0.013,0.016,0.035,0.055,0.011,3.990,132,27,50,355,70,108.0,6.3
283,2018/08/17,15:35:02.1,FLORES SEA              ,-7.41,119.82,538.7,C201808171535A,25,1.780,-0.905,-0.873,4.260,5.830,-1.810,0.027,0.038,0.043,0.037,0.038,0.038,7.567,243,9,117,36,82,86.0,6.5
284,2018/08/17,22:06:55.7,"VOLCANO ISLANDS, JAPAN R",23.51,143.35,8.3,C201808172206A,24,2.570,-0.803,-1.760,-1.330,2.880,1.760,0.080,0.058,0.075,0.154,0.226,0.049,4.265,129,22,68,333,69,99.0,5.7
285,2018/08/17,23:22:25.3,COSTA RICA              ,8.79,-83.14,15.9,C201808172322A,25,1.720,-1.410,-0.313,0.539,-0.125,0.793,0.014,0.010,0.012,0.019,0.022,0.008,1.858,302,37,98,113,54,84.0,6.1
286,2018/08/18,19:39:07.4,PANAMA-COLOMBIA BORDER R,8.83,-77.29,10.0,C201808181939A,24,2.340,-2.080,-0.260,-2.100,-0.089,1.380,0.043,0.031,0.038,0.063,0.065,0.025,3.353,139,31,126,279,65,71.0,5.6
287,2018/08/19,00:19:38.0,FIJI ISLANDS REGION     ,-18.18,-178.11,563.4,C201808190019A,28,-1.530,-0.076,1.600,-0.401,-1.970,0.713,0.006,0.006,0.007,0.004,0.006,0.006,2.633,210,21,-74,13,70,-96.0,8.2
288,2018/08/19,14:56:28.1,"SUMBAWA REGION, INDONESI",-8.32,116.63,25.6,C201808191456A,26,2.110,-2.490,0.381,-2.620,-0.196,0.021,0.013,0.011,0.012,0.038,0.031,0.009,3.493,96,21,98,267,69,87.0,7.0
289,2018/08/20,08:38:00.1,FIJI ISLANDS REGION     ,-18.25,-178.17,527.8,B201808200838A,24,-0.674,-2.560,3.230,-1.840,0.132,-0.066,0.143,0.222,0.189,0.219,0.248,0.218,3.461,40,66,-22,139,70,-155.0,5.6
290,2018/08/21,21:31:43.0,NEAR COAST OF VENEZUELA ,10.74,-62.91,123.2,C201808212131A,27,0.669,-0.545,-0.124,0.664,-0.162,-0.445,0.005,0.003,0.003,0.003,0.003,0.002,1.020,213,34,43,85,67,117.0,7.3
291,2018/08/21,22:32:27.0,VANUATU ISLANDS         ,-16.02,168.15,13.4,C201808212232A,26,0.869,-0.113,-0.756,0.004,0.256,0.020,0.036,0.021,0.023,0.039,0.031,0.013,0.852,178,36,89,359,54,91.0,6.6
292,2018/08/22,09:31:47.0,OFF COAST OF OREGON     ,43.65,-127.60,10.0,C201808220931A,25,-0.202,-1.810,2.010,-0.030,0.256,-1.650,0.014,0.015,0.015,0.029,0.027,0.013,2.536,294,85,178,25,88,5.0,6.2
293,2018/08/22,13:27:47.6,NEAR COAST OF VENEZUELA ,10.58,-62.92,97.5,C201808221327A,24,3.090,-2.640,-0.449,5.070,-0.767,-2.390,0.056,0.068,0.075,0.041,0.048,0.063,6.342,210,27,35,89,75,113.0,5.8
294,2018/08/22,18:49:37.1,SOLOMON ISLANDS         ,-7.00,155.76,44.2,C201808221849A,24,4.380,-3.890,-0.490,-1.200,-1.400,3.470,0.059,0.046,0.049,0.052,0.051,0.04,5.682,146,49,126,278,52,55.0,5.8
295,2018/08/22,20:26:29.0,SOUTH OF AFRICA         ,-52.75,27.92,10.0,C201808222026A,24,0.141,3.190,-3.330,-0.385,-0.023,0.744,0.043,0.048,0.052,0.104,0.097,0.04,3.367,218,85,175,309,85,5.0,5.6
296,2018/08/22,22:49:11.2,BALLENY ISLANDS REGION  ,-61.22,154.01,10.0,C201808222249A,24,-0.172,2.470,-2.300,0.426,0.435,-1.980,0.036,0.038,0.034,0.072,0.078,0.033,3.162,154,79,-5,245,86,-169.0,5.6
297,2018/08/23,03:35:15.9,"ANDREANOF ISLANDS, ALEUT",51.51,-177.88,43.9,C201808230335A,25,2.560,-2.510,-0.050,2.010,1.570,-0.956,0.014,0.012,0.011,0.022,0.020,0.009,3.720,265,25,115,58,67,78.0,6.3
298,2018/08/24,09:04:06.8,PERU-BRAZIL BORDER REGIO,-11.04,-70.82,609.5,C201808240904A,26,-4.890,0.796,4.100,-0.705,2.180,-1.880,0.023,0.030,0.036,0.020,0.024,0.031,5.428,333,33,-95,158,57,-87.0,7.1
299,2018/08/24,16:29:02.8,"EASTERN NEW GUINEA REG.,",-5.91,147.16,77.1,C201808241629A,24,-0.042,1.100,-1.060,0.438,-1.120,-1.880,0.060,0.052,0.056,0.037,0.037,0.042,2.477,74,61,179,165,89,29.0,5.5
300,2018/08/25,16:50:04.1,"FOX ISLANDS, ALEUTIAN IS",52.29,-171.19,35.1,C201808251650A,25,0.823,-0.799,-0.025,0.416,0.324,-0.396,0.007,0.006,0.006,0.008,0.008,0.004,1.040,257,31,106,59,60,80.0,5.9
301,2018/08/25,18:33:15.4,"SUMBAWA REGION, INDONESI",-8.42,116.93,9.8,C201808251833A,24,1.880,-0.107,-1.770,-0.273,-0.477,-0.684,0.046,0.043,0.051,0.116,0.123,0.038,2.024,17,37,85,203,53,94.0,5.5
302,2018/08/25,22:13:26.0,WESTERN IRAN            ,34.66,46.28,10.0,C201808252213A,25,-0.070,-0.163,0.233,0.265,-0.224,1.310,0.017,0.016,0.018,0.044,0.044,0.016,1.371,357,79,-169,265,80,-11.0,6.0
303,2018/08/27,20:09:22.6,SOUTH SHETLAND ISLANDS  ,-61.76,-58.12,47.8,C201808272009A,24,1.730,-2.120,0.391,-0.645,-1.340,1.970,0.035,0.032,0.040,0.032,0.040,0.03,3.147,265,58,37,153,59,142.0,5.6
304,2018/08/28,07:08:09.2,TIMOR REGION            ,-10.86,124.17,8.6,C201808280708A,25,2.080,-2.410,0.330,0.173,-0.217,-0.217,0.010,0.009,0.012,0.028,0.031,0.009,2.274,258,44,79,93,47,100.0,6.2
305,2018/08/28,07:13:31.5,TIMOR REGION            ,-10.61,124.15,10.0,C201808280713A,24,5.040,-4.560,-0.477,1.800,2.010,-1.070,0.260,0.167,0.150,0.344,0.494,0.101,5.604,269,34,113,62,59,75.0,5.8
306,2018/08/28,13:09:11.2,FIJI ISLANDS REGION     ,-18.04,-177.93,594.5,C201808281309A,24,-1.640,-0.026,1.660,-2.780,-2.610,0.914,0.053,0.084,0.079,0.080,0.082,0.074,4.253,180,16,-133,45,78,-79.0,5.7
307,2018/08/28,18:36:35.1,"JAVA, INDONESIA         ",-8.97,110.22,61.7,C201808281836A,24,0.498,-0.644,0.147,0.587,-0.139,0.423,0.019,0.015,0.018,0.014,0.014,0.013,0.902,313,26,118,102,67,77.0,5.2
308,2018/08/28,22:35:13.7,MARIANA ISLANDS         ,16.76,146.87,59.9,C201808282235A,25,0.060,2.440,-2.500,-3.850,4.740,-1.310,0.035,0.032,0.035,0.053,0.062,0.028,6.692,235,24,-179,144,90,-66.0,6.5
309,2018/08/29,01:24:55.8,FIJI ISLANDS            ,-16.39,178.03,10.0,C201808290124A,24,-0.362,-0.010,0.372,0.821,-0.564,5.420,0.062,0.058,0.058,0.131,0.130,0.052,5.521,359,81,-173,268,83,-9.0,5.8
310,2018/08/29,03:51:56.9,SOUTHEAST OF LOYALTY ISL,-22.07,170.05,26.7,C201808290351A,26,2.340,-1.110,-1.230,1.210,-1.000,1.080,0.008,0.007,0.007,0.023,0.022,0.005,2.781,320,28,97,133,62,87.0,6.9
311,2018/08/30,16:24:48.2,SOUTHEAST OF LOYALTY ISL,-22.24,170.15,16.6,C201808301624A,24,1.740,-1.360,-0.380,1.210,-0.099,1.060,0.024,0.019,0.019,0.038,0.034,0.015,2.257,320,33,119,107,62,73.0,5.5
312,2018/08/31,14:40:29.2,"MINDORO, PHILIPPINES    ",13.56,120.90,139.9,C201808311440A,24,1.750,-1.220,-0.536,1.600,0.073,1.420,0.036,0.045,0.047,0.030,0.033,0.042,2.645,334,36,135,103,66,63.0,5.5
313,2018/09/01,06:13:45.0,MID-INDIAN RIDGE        ,-29.01,74.57,10.0,C201809010613A,24,1.910,-0.778,-1.140,0.477,-0.665,0.938,0.021,0.021,0.021,0.060,0.056,0.017,2.080,319,33,87,142,57,92.0,5.5
314,2018/09/01,15:43:02.2,"BONIN ISLANDS, JAPAN REG",27.92,139.94,455.2,C201809011543A,24,-2.250,1.760,0.485,1.060,-3.010,-1.310,0.060,0.089,0.105,0.095,0.091,0.093,3.998,100,26,-137,330,73,-71.0,5.7
315,2018/09/03,02:16:19.7,"NEW IRELAND REGION, P.N.",-3.87,150.27,10.0,C201809030216A,24,-0.137,1.920,-1.780,-0.161,0.175,2.200,0.025,0.025,0.027,0.067,0.069,0.021,2.885,200,86,-178,110,88,-4.0,5.6
316,2018/09/03,07:15:30.2,"NEW IRELAND REGION, P.N.",-3.84,150.20,10.0,C201809030715A,24,0.172,0.872,-1.040,-0.710,0.315,2.710,0.027,0.029,0.030,0.074,0.075,0.023,2.973,190,76,-178,100,88,-14.0,5.6
317,2018/09/03,20:35:51.0,SOUTH SANDWICH ISLANDS R,-58.02,-25.30,35.0,C201809032035A,24,3.580,0.498,-4.070,-0.409,1.490,0.456,0.040,0.033,0.033,0.046,0.046,0.029,4.148,179,34,97,350,56,85.0,5.7
318,2018/09/03,21:52:57.2,"SOUTHERN XINJIANG, CHINA",39.40,76.76,10.0,C201809032151A,24,-0.184,-2.530,2.710,0.364,-0.128,0.316,0.035,0.032,0.038,0.066,0.071,0.028,2.669,228,82,-5,319,85,-172.0,5.6
319,2018/09/03,23:37:18.1,OFF COAST OF ECUADOR    ,1.45,-85.23,10.4,C201809032337A,24,-0.254,1.850,-1.600,-0.756,1.120,8.250,0.046,0.045,0.057,0.099,0.117,0.052,8.539,96,83,-6,186,84,-173.0,5.9
320,2018/09/04,20:11:19.2,NEAR EAST COAST OF HONSH,36.45,141.54,39.1,C201809042011A,24,1.580,0.460,-2.040,0.330,0.511,-0.060,0.021,0.017,0.018,0.015,0.017,0.015,1.923,167,39,68,14,55,107.0,5.5
321,2018/09/05,00:36:22.9,SOUTH SANDWICH ISLANDS R,-58.33,-24.92,10.0,C201809050036A,24,3.060,0.445,-3.510,0.690,1.140,-0.531,0.042,0.031,0.033,0.060,0.056,0.026,3.587,176,36,73,17,56,102.0,5.6
322,2018/09/05,03:33:17.1,SOUTH SANDWICH ISLANDS R,-58.35,-25.25,35.0,C201809050333A,24,1.480,0.300,-1.780,0.653,0.435,-0.585,0.024,0.019,0.019,0.043,0.038,0.015,1.906,173,40,56,34,58,115.0,5.5
323,2018/09/05,18:07:58.9,"HOKKAIDO, JAPAN REGION  ",42.67,141.93,33.4,C201809051807A,26,0.730,0.028,-0.758,-0.204,0.928,0.464,0.004,0.003,0.004,0.007,0.010,0.003,1.280,139,23,65,346,70,100.0,6.7
324,2018/09/06,05:13:39.1,FIJI ISLANDS REGION     ,-17.98,-178.53,531.1,B201809060513A,24,-1.990,-0.330,2.320,-0.677,1.770,0.278,0.041,0.072,0.066,0.073,0.069,0.066,2.896,25,29,-56,168,66,-107.0,5.6
325,2018/09/06,15:49:14.4,FIJI ISLANDS            ,-18.49,179.33,608.6,C201809061549A,28,0.367,0.520,-0.887,-0.110,-0.348,0.303,0.002,0.002,0.002,0.002,0.002,0.002,0.861,305,57,16,207,77,146.0,7.9
326,2018/09/07,01:47:23.6,PANAMA-COLOMBIA BORDER R,8.05,-77.60,10.0,C201809070147A,24,2.120,-1.510,-0.608,0.713,0.625,-0.697,0.139,0.082,0.093,0.104,0.141,0.051,2.216,246,33,98,56,58,85.0,5.5
327,2018/09/07,02:12:04.3,ECUADOR                 ,-2.35,-78.90,93.5,C201809070212A,25,-2.170,-0.090,2.260,0.664,-1.250,-1.140,0.022,0.022,0.028,0.015,0.021,0.02,2.827,163,30,-83,334,60,-94.0,6.2
328,2018/09/07,02:39:17.7,CHILE-ARGENTINA BORDER R,-28.89,-69.95,92.4,C201809070239A,24,-5.290,4.470,0.819,1.770,-0.381,-3.400,0.140,0.140,0.177,0.107,0.141,0.118,6.179,129,37,-78,294,54,-99.0,5.8
329,2018/09/07,06:23:38.8,SOUTHERN IRAN           ,28.34,59.31,10.0,C201809070623A,24,-0.049,2.110,-2.060,-0.827,0.853,1.620,0.048,0.042,0.046,0.119,0.140,0.044,2.888,208,68,-173,115,84,-22.0,5.6
330,2018/09/08,02:31:31.5,"YUNNAN, CHINA           ",23.33,101.55,10.0,C201809080231A,24,-0.140,-3.590,3.730,-0.367,-0.686,-1.190,0.030,0.029,0.031,0.080,0.086,0.029,3.925,126,79,179,216,89,11.0,5.7
331,2018/09/08,07:16:49.8,"MINDANAO, PHILIPPINES   ",7.24,126.46,10.0,C201809080716A,25,-0.860,1.730,-0.874,0.491,0.349,-1.310,0.011,0.010,0.012,0.033,0.036,0.009,2.018,154,64,-19,253,73,-153.0,6.1
332,2018/09/08,10:02:49.1,SOUTHEAST OF LOYALTY ISL,-22.22,170.15,10.0,C201809081002A,24,6.710,-5.070,-1.640,2.900,-0.746,3.600,0.061,0.048,0.048,0.091,0.090,0.038,7.644,310,34,103,115,57,81.0,5.9
333,2018/09/08,22:27:27.6,SOUTH OF TONGA ISLANDS  ,-24.47,-175.56,10.0,C201809082227A,24,1.880,-0.075,-1.810,0.529,1.660,-0.571,0.027,0.020,0.020,0.050,0.055,0.014,2.600,196,24,89,17,66,91.0,5.5
334,2018/09/09,00:06:24.0,SOUTH OF FIJI ISLANDS   ,-25.02,179.94,478.9,B201809090006A,24,0.978,0.286,-1.260,-0.542,-1.840,0.615,0.030,0.051,0.047,0.050,0.046,0.043,2.317,311,26,33,191,76,112.0,5.5
335,2018/09/09,19:31:34.7,SOLOMON ISLANDS         ,-10.01,161.53,64.5,C201809091931A,25,4.960,-3.370,-1.590,1.290,3.340,4.580,0.028,0.026,0.027,0.025,0.024,0.023,7.283,100,49,43,339,59,130.0,6.5
336,2018/09/10,04:19:02.4,KERMADEC ISLANDS REGION ,-31.84,-179.33,111.1,C201809100418A,26,-1.100,-1.470,2.580,-1.970,-1.330,0.381,0.011,0.010,0.009,0.008,0.008,0.009,3.287,149,41,-160,43,77,-51.0,6.9
337,2018/09/10,19:31:37.5,SOUTHEAST OF LOYALTY ISL,-22.03,170.13,12.0,C201809101931A,25,2.640,-1.190,-1.450,0.433,-1.030,1.590,0.021,0.019,0.018,0.038,0.035,0.015,2.997,309,35,76,145,56,99.0,6.3
338,2018/09/12,06:29:53.3,NICARAGUA               ,12.17,-86.82,110.6,C201809120629A,24,-0.162,-0.013,0.176,1.290,-1.440,-0.382,0.036,0.042,0.050,0.024,0.029,0.041,1.960,157,5,-71,318,85,-92.0,5.5
339,2018/09/14,15:50:16.3,"IRIAN JAYA, INDONESIA   ",-2.76,138.76,32.6,C201809141550A,24,6.170,-3.680,-2.490,-2.620,2.090,4.130,0.085,0.073,0.076,0.143,0.153,0.053,7.504,132,32,92,310,58,89.0,5.9
340,2018/09/15,00:08:20.9,"RYUKYU ISLANDS, JAPAN   ",26.74,129.65,5.8,C201809150008A,24,-4.300,1.150,3.150,-0.035,-0.196,2.600,0.063,0.045,0.051,0.128,0.129,0.035,4.622,216,44,-88,33,46,-92.0,5.7
341,2018/09/15,08:05:29.3,"RYUKYU ISLANDS, JAPAN   ",26.66,129.56,10.0,C201809150805A,24,-2.880,0.977,1.900,2.490,2.210,1.690,0.026,0.023,0.027,0.072,0.076,0.021,4.508,28,22,-107,226,69,-83.0,5.7
342,2018/09/15,16:24:35.8,"RYUKYU ISLANDS, JAPAN   ",26.56,129.52,10.0,C201809151624A,24,-2.740,1.410,1.330,1.970,0.910,1.620,0.028,0.025,0.029,0.077,0.083,0.022,3.599,33,28,-112,238,64,-79.0,5.6
343,2018/09/16,21:11:48.5,SOUTH OF FIJI ISLANDS   ,-25.45,178.22,570.0,C201809162111A,25,-1.520,3.560,-2.040,-3.480,4.050,-2.770,0.022,0.032,0.033,0.031,0.031,0.031,6.630,249,32,-164,145,81,-59.0,6.5
344,2018/09/18,07:27:41.0,SOUTHWEST INDIAN RIDGE  ,-37.80,49.77,10.0,C201809180727A,25,-0.906,0.959,-0.053,0.042,-0.068,-0.022,0.006,0.006,0.007,0.017,0.019,0.006,0.936,87,44,-96,276,47,-84.0,5.9
345,2018/09/18,11:57:52.0,SOLOMON ISLANDS         ,-8.33,157.22,10.0,C201809181157A,24,-3.440,4.510,-1.070,-4.710,-0.095,6.010,0.078,0.068,0.073,0.218,0.175,0.06,8.391,197,47,-159,92,75,-45.0,5.9
346,2018/09/18,12:38:35.6,FIJI ISLANDS REGION     ,-20.52,-178.22,516.5,B201809181238A,24,-1.940,1.730,0.204,-0.739,-2.220,0.985,0.123,0.188,0.196,0.219,0.212,0.181,3.114,266,30,-42,34,70,-113.0,5.6
347,2018/09/20,05:47:37.3,SOLOMON ISLANDS         ,-9.00,158.31,10.0,C201809200547A,24,1.860,-0.068,-1.790,-0.933,-0.702,1.650,0.032,0.026,0.027,0.075,0.071,0.022,2.721,299,53,45,178,56,133.0,5.6
348,2018/09/20,09:21:18.6,"NEAR COAST OF CHIAPAS, M",14.70,-93.72,10.0,C201809200921A,24,1.430,-0.992,-0.443,1.660,-1.110,0.556,0.016,0.015,0.017,0.048,0.053,0.014,2.429,301,17,87,123,73,91.0,5.5
349,2018/09/21,03:40:39.2,FIJI ISLANDS            ,-17.93,179.98,638.8,C201809210340A,25,0.613,0.135,-0.748,-0.225,-0.128,0.212,0.007,0.012,0.011,0.011,0.010,0.012,0.765,324,47,56,189,53,121.0,5.9
350,2018/09/21,12:49:28.8,GALAPAGOS ISLANDS REGION,2.42,-95.48,10.0,C201809211249A,24,-0.798,3.590,-2.790,0.402,0.223,1.760,0.035,0.035,0.038,0.103,0.111,0.031,3.666,121,84,2,31,88,174.0,5.6
351,2018/09/23,05:52:11.5,SOUTH OF MARIANA ISLANDS,12.22,146.24,10.0,C201809230552A,24,3.660,-2.950,-0.712,-0.332,-4.660,6.120,0.067,0.058,0.064,0.066,0.079,0.048,8.382,273,49,25,166,71,136.0,5.9
352,2018/09/26,00:37:33.8,FIJI ISLANDS REGION     ,-18.07,-178.04,577.8,C201809260037A,24,1.770,1.630,-3.400,-3.540,-4.120,1.000,0.050,0.080,0.072,0.075,0.072,0.07,6.216,317,28,18,211,82,117.0,5.8
353,2018/09/26,17:33:35.7,SOUTHERN EAST PACIFIC RI,-34.94,-107.65,10.0,C201809261733A,24,-0.409,-1.470,1.880,0.074,-0.424,-4.380,0.053,0.050,0.055,0.081,0.088,0.05,4.708,100,85,179,191,89,5.0,5.7
354,2018/09/27,10:25:47.6,EAST OF SOUTH SANDWICH I,-58.19,-9.58,10.0,C201809271025A,24,0.440,-1.440,1.000,0.228,-0.786,4.560,0.042,0.047,0.045,0.121,0.115,0.032,4.789,262,80,0,352,90,-170.0,5.7
355,2018/09/27,22:25:44.0,FIJI ISLANDS REGION     ,-18.17,-178.24,540.2,B201809272225A,24,-0.348,0.109,0.239,-0.963,-0.896,-0.022,0.046,0.066,0.066,0.073,0.077,0.07,1.340,198,6,-118,46,85,-87.0,5.4
356,2018/09/28,06:21:54.8,INDIAN OCEAN TRIPLE JUNC,-26.52,67.60,10.0,C201809280621A,24,-2.040,2.420,-0.383,-0.722,-0.031,0.105,0.027,0.025,0.029,0.064,0.072,0.024,2.346,268,36,-90,88,54,-90.0,5.5
357,2018/09/28,07:00:02.0,"MINAHASSA PENINSULA, SUL",-0.40,119.76,18.1,C201809280700A,25,-0.324,0.077,0.247,-0.489,-0.179,-1.420,0.008,0.008,0.010,0.022,0.024,0.007,1.536,360,69,-12,94,79,-159.0,6.1
358,2018/09/28,07:06:40.1,INDIAN OCEAN TRIPLE JUNC,-26.48,67.62,10.0,C201809280706A,24,-3.270,3.250,0.025,-0.149,0.162,0.572,0.104,0.073,0.059,0.151,0.208,0.042,3.317,257,44,-95,84,46,-85.0,5.6
359,2018/09/28,10:02:43.5,"MINAHASSA PENINSULA, SUL",-0.18,119.84,10.0,C201809281002A,27,-0.502,0.752,-0.250,-2.630,-0.682,-2.190,0.006,0.005,0.006,0.068,0.067,0.004,3.542,348,40,-9,85,84,-130.0,7.6
360,2018/09/30,10:52:23.2,FIJI ISLANDS REGION     ,-18.37,-178.10,551.2,C201809301052A,26,-0.592,0.325,0.267,-0.304,-1.050,0.534,0.004,0.006,0.006,0.005,0.005,0.005,1.320,255,24,-39,21,75,-109.0,6.7
361,2018/10/01,18:16:42.3,INDIAN OCEAN TRIPLE JUNC,-26.56,67.55,10.0,C201810011816A,24,-1.190,1.250,-0.063,-0.179,0.137,0.282,0.020,0.018,0.021,0.046,0.055,0.017,1.271,250,42,-103,87,49,-78.0,5.3
362,2018/10/01,23:59:43.1,"SUMBA REGION, INDONESIA ",-10.50,120.22,29.0,C201810012359A,25,0.837,-0.904,0.067,0.904,-0.126,0.454,0.009,0.007,0.008,0.022,0.021,0.006,1.330,306,25,114,101,67,79.0,6.0
363,2018/10/02,00:16:45.8,"SUMBA REGION, INDONESIA ",-10.46,120.16,26.0,C201810020016A,25,0.489,-0.460,-0.030,0.766,-0.499,0.619,0.011,0.008,0.008,0.022,0.022,0.006,1.149,312,19,99,122,71,87.0,6.0
364,2018/10/02,04:49:31.5,"SUMBA REGION, INDONESIA ",-10.48,120.12,20.7,C201810020449A,24,0.412,-0.025,-0.387,1.000,-1.530,3.150,0.032,0.032,0.036,0.066,0.083,0.031,3.541,269,68,-10,3,81,-158.0,5.6
365,2018/10/02,10:08:37.5,VANUATU ISLANDS         ,-17.83,167.85,10.0,C201810021008A,24,4.260,0.155,-4.410,0.973,-3.250,0.558,0.048,0.040,0.041,0.086,0.093,0.032,5.533,360,27,101,167,64,84.0,5.8
366,2018/10/04,04:16:21.0,FIJI ISLANDS REGION     ,-17.86,-178.54,579.3,B201810040416A,24,-1.060,2.410,-1.340,0.902,-1.980,-0.810,0.046,0.065,0.072,0.071,0.069,0.065,3.121,65,43,-160,320,76,-49.0,5.6
367,2018/10/05,14:59:44.6,ASCENSION ISLAND REGION ,-5.65,-11.49,10.0,C201810051459A,24,-3.690,-0.058,3.750,0.196,-0.769,-0.606,0.033,0.033,0.032,0.102,0.095,0.03,3.850,172,39,-88,350,51,-92.0,5.7
368,2018/10/05,21:08:27.9,SOUTHEAST OF LOYALTY ISL,-22.05,169.62,13.2,C201810052108A,24,0.395,0.312,-0.707,0.903,-0.896,0.315,0.017,0.014,0.015,0.063,0.061,0.011,1.441,21,22,154,135,80,70.0,5.4
369,2018/10/07,00:10:05.4,CENTRAL MID-ATLANTIC RID,7.59,-37.66,10.0,C201810070010A,24,-0.636,0.028,0.608,-1.190,0.617,-5.220,0.050,0.052,0.049,0.122,0.107,0.053,5.376,2,78,4,271,86,168.0,5.8
370,2018/10/07,00:11:49.5,HAITI REGION            ,20.04,-72.97,11.7,C201810070011A,25,0.260,-0.146,-0.114,-1.040,0.319,0.249,0.005,0.004,0.005,0.013,0.014,0.004,1.138,162,12,144,288,83,80.0,6.0
371,2018/10/07,01:06:56.0,PACIFIC-ANTARCTIC RIDGE ,-54.75,-135.25,10.0,C201810070106A,24,0.105,2.420,-2.530,0.686,0.174,2.360,0.048,0.045,0.043,0.088,0.081,0.04,3.493,23,81,173,114,83,9.0,5.6
372,2018/10/07,01:44:24.0,PACIFIC-ANTARCTIC RIDGE ,-54.75,-135.25,10.0,C201810070144A,24,-0.075,0.929,-0.854,0.618,0.255,1.040,0.027,0.027,0.023,0.069,0.067,0.021,1.498,18,74,166,112,76,16.0,5.4
373,2018/10/07,17:42:21.3,KERMADEC ISLANDS REGION ,-28.17,-179.28,395.4,B201810071742A,24,-1.090,-1.320,2.410,-1.080,-1.670,-1.260,0.035,0.066,0.059,0.054,0.049,0.054,3.146,124,46,-160,20,76,-45.0,5.6
374,2018/10/07,20:00:17.3,HAITI REGION            ,20.06,-72.91,10.0,C201810072000A,24,1.340,-1.580,0.239,0.309,-1.080,0.679,0.027,0.021,0.023,0.029,0.037,0.014,1.973,261,42,43,136,63,123.0,5.5
375,2018/10/08,12:05:56.5,GULF OF CALIFORNIA      ,23.54,-108.96,10.0,C201810081205A,24,-0.188,-1.630,1.820,-0.049,0.397,-0.424,0.022,0.021,0.025,0.049,0.054,0.02,1.814,39,82,8,308,83,172.0,5.4
376,2018/10/09,07:45:14.7,KURIL ISLANDS           ,49.43,156.17,42.0,C201810090745A,25,1.490,-0.381,-1.110,1.010,1.650,-0.850,0.011,0.008,0.010,0.024,0.029,0.007,2.498,215,20,93,32,70,89.0,6.2
377,2018/10/09,19:05:43.0,SOUTHERN MID-ATLANTIC RI,-23.62,-13.42,10.0,C201810091905A,24,-1.870,-0.088,1.960,-0.270,0.561,0.011,0.022,0.021,0.021,0.064,0.060,0.021,2.015,8,37,-77,172,54,-100.0,5.5
378,2018/10/10,18:44:55.3,BALI SEA                ,-7.46,114.45,9.0,C201810101844A,25,0.995,-0.878,-0.118,0.026,0.345,0.508,0.008,0.006,0.007,0.016,0.020,0.005,1.124,99,44,64,314,51,113.0,6.0
379,2018/10/10,20:48:20.3,"NEW BRITAIN REGION, P.N.",-5.68,151.20,40.3,C201810102048A,26,3.150,-3.290,0.143,1.330,-0.171,-1.070,0.013,0.010,0.010,0.014,0.015,0.008,3.637,244,36,74,84,56,101.0,7.0
380,2018/10/10,20:59:01.1,"NEW BRITAIN REGION, P.N.",-5.91,151.10,46.0,S201810102059A,25,1.420,-1.320,-0.098,0.538,-0.246,-0.453,0.185,0.100,0.096,0.063,0.085,0.042,1.561,238,38,67,86,55,107.0,6.1
381,2018/10/10,21:13:16.7,"NEW BRITAIN REGION, P.N.",-5.94,151.13,37.4,C201810102113A,25,1.150,-1.110,-0.047,0.562,-0.236,-0.350,0.083,0.046,0.045,0.051,0.067,0.023,1.331,238,36,63,90,58,108.0,6.0
382,2018/10/10,22:00:35.1,"NEW BRITAIN REGION, P.N.",-4.96,151.67,124.3,C201810102200A,25,2.520,-2.080,-0.441,2.320,1.550,-0.640,0.058,0.058,0.056,0.045,0.042,0.051,3.683,259,21,107,60,70,83.0,6.3
383,2018/10/10,23:16:02.1,KURIL ISLANDS           ,49.35,156.21,17.5,C201810102316A,25,5.760,-1.610,-4.150,2.930,4.350,-2.780,0.052,0.034,0.040,0.085,0.092,0.027,7.856,212,24,88,34,66,91.0,6.5
384,2018/10/11,02:55:45.1,BANDA SEA               ,-5.03,126.71,10.3,C201810110255A,24,0.107,-3.850,3.750,1.040,1.480,1.450,0.066,0.061,0.066,0.171,0.188,0.053,4.441,324,68,173,57,83,22.0,5.7
385,2018/10/12,02:52:03.6,"NEW BRITAIN REGION, P.N.",-6.28,151.05,10.0,C201810120252A,24,2.730,-2.790,0.058,3.150,0.486,-0.576,0.033,0.027,0.026,0.092,0.074,0.021,4.253,257,21,87,81,69,91.0,5.7
386,2018/10/12,09:40:21.1,PACIFIC-ANTARCTIC RIDGE ,-55.92,-127.09,10.0,C201810120940A,24,-0.313,2.340,-2.030,0.087,0.148,2.900,0.036,0.039,0.035,0.107,0.104,0.034,3.635,109,87,0,18,90,177.0,5.6
387,2018/10/12,21:09:49.2,GUATEMALA               ,14.19,-91.18,63.4,C201810122109A,24,4.660,-3.450,-1.210,1.020,-0.328,2.430,0.054,0.045,0.052,0.037,0.038,0.036,4.951,306,39,95,119,51,86.0,5.7
388,2018/10/13,00:13:46.2,VANUATU ISLANDS         ,-13.68,167.22,199.0,C201810130013B,24,5.210,-0.454,-4.760,0.239,-1.280,1.500,0.035,0.045,0.046,0.039,0.039,0.047,5.380,341,38,87,164,52,92.0,5.8
389,2018/10/13,11:10:23.6,NORTHWEST OF KURIL ISLAN,52.86,153.38,470.1,C201810131110A,26,-0.544,0.260,0.284,-0.094,-0.917,-0.918,0.004,0.006,0.006,0.005,0.005,0.005,1.384,99,43,-157,352,74,-49.0,6.7
390,2018/10/14,05:05:34.5,SOUTHEAST INDIAN RIDGE  ,-41.98,88.54,10.0,C201810140505A,24,-0.398,4.280,-3.880,0.329,-0.436,0.430,0.030,0.031,0.032,0.084,0.083,0.03,4.141,42,82,-177,312,88,-8.0,5.7
391,2018/10/14,12:41:14.1,SOUTHEAST INDIAN RIDGE  ,-42.30,88.66,10.0,C201810141241A,25,-0.082,0.942,-0.860,0.056,-0.049,0.062,0.005,0.005,0.006,0.015,0.015,0.005,0.906,43,85,-179,313,89,-5.0,5.9
392,2018/10/15,01:32:12.6,NEAR EAST COAST OF KAMCH,54.06,159.46,123.8,C201810150132A,24,-0.070,-0.073,0.144,-0.527,-1.290,-0.619,0.021,0.024,0.025,0.016,0.015,0.022,1.503,104,23,179,195,90,67.0,5.4
393,2018/10/15,05:31:54.1,WEST OF MACQUARIE ISLAND,-59.43,149.23,10.0,C201810150531A,24,-0.089,0.730,-0.641,-0.208,-0.153,-1.230,0.017,0.019,0.019,0.043,0.043,0.015,1.433,345,80,-5,76,85,-170.0,5.4
394,2018/10/15,19:35:56.6,"NEW BRITAIN REGION, P.N.",-6.07,151.24,10.0,C201810151935A,24,1.720,-1.280,-0.439,1.620,1.280,-0.842,0.029,0.021,0.023,0.062,0.062,0.016,2.714,244,20,100,53,70,86.0,5.6
395,2018/10/16,00:28:12.7,SOUTHEAST OF LOYALTY ISL,-21.94,169.48,10.0,C201810160028A,25,0.046,1.840,-1.890,2.610,-4.310,-0.452,0.013,0.014,0.014,0.072,0.110,0.011,5.381,54,21,177,147,89,69.0,6.4
396,2018/10/16,01:03:43.1,SOUTHEAST OF LOYALTY ISL,-21.73,169.49,10.0,C201810160103A,25,1.240,-0.069,-1.170,5.770,-5.980,1.630,0.024,0.023,0.020,0.064,0.060,0.017,8.507,345,7,119,136,84,87.0,6.6
397,2018/10/16,01:14:37.7,SOUTHEAST OF LOYALTY ISL,-21.82,169.37,10.0,C201810160114A,24,4.130,-0.489,-3.640,1.140,-2.170,1.470,0.267,0.149,0.163,0.413,0.342,0.083,4.841,342,30,96,155,60,87.0,5.7
398,2018/10/16,04:42:43.0,SOUTHEAST OF LOYALTY ISL,-21.90,169.43,10.0,C201810160442A,24,-2.330,1.170,1.150,0.755,-0.829,1.410,0.028,0.028,0.027,0.095,0.091,0.022,2.695,247,49,-58,23,50,-121.0,5.6
399,2018/10/16,08:35:37.0,CENTRAL MID-ATLANTIC RID,0.94,-28.24,10.0,C201810160835A,24,-0.361,0.934,-0.574,-0.409,0.476,-2.820,0.035,0.037,0.035,0.106,0.107,0.035,2.976,262,81,175,353,85,9.0,5.6
400,2018/10/17,00:57:44.0,SANTA CRUZ ISLANDS      ,-11.61,166.25,35.0,C201810170057A,24,4.310,0.095,-4.400,0.207,0.032,1.090,0.046,0.035,0.036,0.037,0.039,0.029,4.486,350,45,94,164,45,86.0,5.7
401,2018/10/17,03:57:24.7,SOUTHERN MID-ATLANTIC RI,-43.62,-16.34,10.0,C201810170357A,24,-1.850,0.293,1.560,-0.811,0.124,-0.307,0.019,0.019,0.018,0.061,0.052,0.018,1.891,3,42,-63,148,53,-112.0,5.5
402,2018/10/19,05:55:12.8,NEAR NORTH COAST OF IRIA,-2.83,139.12,57.5,C201810190555A,24,1.540,-2.310,0.776,-0.847,0.928,0.267,0.029,0.022,0.026,0.023,0.025,0.021,2.393,66,40,42,301,64,122.0,5.5
403,2018/10/20,09:47:52.6,BANDA SEA               ,-6.51,128.26,352.4,B201810200947A,24,-0.534,0.401,0.133,2.530,1.920,0.186,0.042,0.062,0.068,0.056,0.057,0.061,3.217,70,5,-73,233,85,-91.0,5.6
404,2018/10/21,01:40:37.8,SOUTHWEST INDIAN RIDGE  ,-29.52,60.70,10.0,C201810210140A,24,-2.520,2.950,-0.429,-0.431,0.166,8.810,0.059,0.062,0.064,0.154,0.161,0.052,8.988,185,86,-178,95,88,-4.0,5.9
405,2018/10/22,05:39:40.3,"VANCOUVER ISLAND, CANADA",49.25,-129.48,11.0,C201810220539A,26,-0.060,-0.690,0.750,0.049,0.178,-0.199,0.003,0.003,0.003,0.009,0.008,0.003,0.768,307,78,177,38,87,12.0,6.5
406,2018/10/22,06:16:28.2,"VANCOUVER ISLAND, CANADA",49.35,-129.21,10.0,C201810220616A,26,-0.145,-1.590,1.730,0.175,0.272,-0.398,0.006,0.007,0.007,0.017,0.017,0.005,1.737,308,79,-180,218,90,-11.0,6.8
407,2018/10/22,06:22:48.8,"VANCOUVER ISLAND, CANADA",49.31,-129.67,10.0,C201810220622A,25,-0.405,-5.920,6.320,1.030,0.042,2.400,0.072,0.063,0.066,0.193,0.187,0.048,6.660,326,82,-175,235,85,-8.0,6.5
408,2018/10/23,04:34:58.7,TAIWAN REGION           ,24.09,122.61,34.2,C201810230434A,24,4.450,-6.180,1.720,4.110,2.740,-0.092,0.059,0.045,0.050,0.068,0.070,0.042,7.391,296,32,136,66,68,66.0,5.8
409,2018/10/23,11:55:38.0,SOUTHERN EAST PACIFIC RI,-55.85,-123.09,10.0,C201810231155A,24,-0.201,1.210,-1.010,-0.052,-0.155,1.670,0.022,0.027,0.023,0.038,0.038,0.026,2.012,287,85,-1,17,89,-175.0,5.5
410,2018/10/23,16:04:03.5,TAIWAN REGION           ,24.00,122.67,24.0,C201810231604A,24,2.720,-4.430,1.720,2.770,3.050,-1.140,0.050,0.038,0.043,0.061,0.069,0.035,5.754,293,34,148,50,73,60.0,5.8
411,2018/10/25,18:36:09.7,NEAR EAST COAST OF HONSH,38.29,141.79,43.7,C201810251836A,24,4.470,0.181,-4.650,1.660,2.900,-1.530,0.051,0.039,0.044,0.036,0.043,0.035,5.841,186,29,74,25,63,99.0,5.8
412,2018/10/25,22:54:51.8,IONIAN SEA              ,37.51,20.56,14.0,C201810252254A,26,0.314,0.289,-0.603,1.720,-1.130,1.030,0.004,0.004,0.004,0.014,0.014,0.003,2.308,13,24,165,117,84,66.0,6.8
413,2018/10/26,03:04:53.7,"HOKKAIDO, JAPAN REGION  ",44.54,145.40,10.0,C201810260304A,24,3.840,-1.830,-2.010,-0.580,0.000,-2.030,0.039,0.036,0.039,0.124,0.134,0.032,3.940,37,42,81,230,48,98.0,5.7
414,2018/10/26,09:05:39.7,MARIANA ISLANDS REGION  ,17.38,147.88,10.0,C201810260905A,25,-0.723,-0.202,0.926,-0.305,0.021,-0.325,0.005,0.005,0.005,0.016,0.015,0.005,0.945,9,48,-53,141,54,-123.0,5.9
415,2018/10/28,00:38:11.8,ROMANIA                 ,45.65,26.40,151.0,C201810280038A,24,1.950,-0.084,-1.870,-1.390,-1.470,-0.942,0.031,0.043,0.042,0.029,0.030,0.038,2.934,7,26,62,218,67,103.0,5.6
416,2018/10/28,22:23:54.1,OFF COAST OF CENTRAL AME,12.95,-90.39,24.7,C201810282223A,25,1.140,-0.811,-0.334,1.440,-0.798,0.435,0.007,0.006,0.007,0.019,0.021,0.006,1.982,302,17,92,119,73,89.0,6.1
417,2018/10/29,01:27:43.9,"SOUTHEAST OF HONSHU, JAP",31.60,140.31,91.9,C201810290127A,24,-0.827,1.260,-0.433,-0.005,-2.030,-0.409,0.025,0.026,0.030,0.018,0.019,0.026,2.170,84,30,-160,337,80,-62.0,5.5
418,2018/10/29,06:54:21.4,DRAKE PASSAGE           ,-57.40,-66.41,10.0,C201810290654A,25,3.510,-0.661,-2.850,0.902,0.649,1.400,0.019,0.014,0.017,0.034,0.037,0.011,3.684,139,46,67,350,49,112.0,6.3
419,2018/10/29,20:17:22.5,DRAKE PASSAGE           ,-57.55,-66.31,10.0,C201810292017A,24,4.980,-1.280,-3.700,1.920,2.210,3.040,0.058,0.044,0.053,0.083,0.094,0.037,6.131,122,47,52,350,55,123.0,5.8
420,2018/10/29,21:07:13.3,DRAKE PASSAGE           ,-57.51,-66.17,10.0,C201810292107A,24,2.610,-0.098,-2.520,0.948,1.620,1.410,0.061,0.042,0.050,0.105,0.111,0.034,3.474,131,40,49,1,61,119.0,5.6
421,2018/10/29,23:26:09.2,CENTRAL EAST PACIFIC RIS,-4.55,-105.90,10.0,C201810292326A,24,0.216,2.620,-2.840,1.720,1.320,8.010,0.068,0.068,0.083,0.195,0.198,0.073,8.733,100,80,10,9,80,170.0,5.9
422,2018/10/30,02:13:39.5,"NORTH ISLAND, NEW ZEALAN",-39.05,174.98,227.3,C201810300213A,25,1.080,0.078,-1.160,1.390,-0.023,-0.748,0.009,0.012,0.011,0.009,0.009,0.011,1.898,178,41,34,60,68,126.0,6.1
423,2018/10/30,15:12:00.5,IONIAN SEA              ,37.51,20.51,10.0,C201810301512A,24,0.150,0.913,-1.060,5.530,-6.210,0.378,0.048,0.039,0.046,0.110,0.116,0.039,8.376,38,7,169,138,89,84.0,5.9
424,2018/11/01,19:30:20.5,SOUTH SANDWICH ISLANDS R,-58.06,-25.19,25.9,C201811011930A,24,3.830,-4.850,1.020,4.880,-2.340,-2.090,0.051,0.043,0.044,0.089,0.078,0.037,7.295,223,32,35,103,72,118.0,5.8
425,2018/11/01,22:19:50.6,NORTHERN CHILE          ,-19.53,-69.28,91.0,C201811012219A,25,-1.560,-0.104,1.670,0.376,-2.090,-0.163,0.015,0.014,0.018,0.010,0.013,0.013,2.673,180,19,-82,351,71,-93.0,6.2
426,2018/11/02,11:01:15.8,NORTHWEST OF KURIL ISLAN,47.82,146.72,432.0,C201811021101A,25,0.694,0.229,-0.923,-0.193,-1.160,0.195,0.009,0.016,0.016,0.015,0.013,0.014,1.446,328,21,52,188,73,103.0,6.0
427,2018/11/04,07:55:29.3,"MINDANAO, PHILIPPINES   ",7.80,123.87,598.1,C201811040755A,25,-0.993,0.066,0.927,0.405,-0.657,-0.256,0.008,0.012,0.013,0.011,0.012,0.012,1.259,174,27,-73,335,64,-99.0,6.0
428,2018/11/04,19:26:03.2,"HOKKAIDO, JAPAN REGION  ",44.56,145.59,8.0,C201811041926A,25,1.120,-0.153,-0.972,-0.246,-0.035,-0.389,0.005,0.005,0.006,0.015,0.016,0.005,1.150,12,43,75,212,49,104.0,6.0
429,2018/11/06,16:11:39.5,TONGA ISLANDS REGION    ,-22.18,-174.49,10.0,C201811061611A,24,2.120,-0.065,-2.060,0.917,2.240,-0.360,0.032,0.025,0.026,0.057,0.078,0.018,3.218,181,21,73,19,70,96.0,5.6
430,2018/11/09,01:49:40.2,JAN MAYEN ISLAND REGION ,71.62,-11.24,10.0,C201811090149A,26,-0.065,1.240,-1.180,-0.199,0.540,1.510,0.007,0.008,0.006,0.020,0.020,0.006,2.018,108,78,-10,200,80,-167.0,6.8
431,2018/11/09,07:39:16.8,SOUTHERN MID-ATLANTIC RI,-42.60,-16.14,10.0,C201811090739A,24,-3.160,0.089,3.070,-0.517,-0.110,0.075,0.039,0.039,0.037,0.137,0.114,0.034,3.158,173,45,-103,10,47,-78.0,5.6
432,2018/11/09,07:54:52.6,SOUTHERN MID-ATLANTIC RI,-42.72,-16.01,10.0,C201811090754A,24,-4.440,0.255,4.190,-1.280,0.426,-0.763,0.044,0.042,0.040,0.175,0.141,0.037,4.578,2,42,-70,156,51,-107.0,5.7
433,2018/11/10,08:02:16.7,"NEW BRITAIN REGION, P.N.",-5.80,151.72,52.3,C201811100802A,24,0.684,-1.060,0.380,1.280,2.120,-0.546,0.037,0.034,0.039,0.028,0.030,0.034,2.700,284,20,158,35,83,71.0,5.6
434,2018/11/10,08:33:16.4,TONGA ISLANDS           ,-20.53,-173.82,10.0,C201811100833A,25,1.350,-0.038,-1.310,0.322,0.802,-0.526,0.009,0.007,0.007,0.015,0.015,0.005,1.666,198,29,88,21,61,91.0,6.1
435,2018/11/11,07:13:38.8,"HALMAHERA, INDONESIA    ",1.51,127.16,123.6,C201811110713A,23,-1.170,3.000,-1.830,-3.150,-5.180,3.210,0.149,0.154,0.174,0.096,0.116,0.158,7.274,288,32,-12,28,84,-121.0,5.2
436,2018/11/11,14:03:59.6,NORTH ATLANTIC OCEAN    ,15.56,-49.86,10.0,C201811111403A,25,-1.610,2.520,-0.912,-0.572,-0.534,1.750,0.012,0.012,0.013,0.032,0.035,0.011,2.658,284,51,-33,36,65,-136.0,6.2
437,2018/11/11,15:56:56.9,MAURITIUS - REUNION REGI,-20.11,66.23,10.0,C201811111556A,24,-0.270,1.930,-1.660,0.561,0.040,-1.090,0.039,0.042,0.040,0.100,0.090,0.032,2.165,151,77,4,60,87,167.0,5.5
438,2018/11/12,22:37:27.4,CENTRAL EAST PACIFIC RIS,-3.11,-103.43,10.0,C201811122237A,24,-3.130,0.103,3.020,0.214,0.422,0.542,0.024,0.022,0.025,0.071,0.071,0.022,3.159,8,41,-94,193,49,-87.0,5.6
439,2018/11/14,21:21:51.2,NEAR EAST COAST OF KAMCH,55.58,162.04,58.7,C201811142121A,25,1.630,-2.240,0.615,0.357,0.498,-0.680,0.014,0.011,0.012,0.013,0.012,0.01,2.140,278,43,121,59,55,65.0,6.2
440,2018/11/14,23:01:21.2,"SULAWESI, INDONESIA     ",-2.91,119.43,8.7,C201811142301A,24,-1.280,1.310,-0.027,0.740,0.846,1.880,0.036,0.030,0.038,0.104,0.113,0.027,2.329,90,42,-36,209,67,-126.0,5.5
441,2018/11/15,20:02:22.0,SOUTH SANDWICH ISLANDS R,-56.78,-25.39,10.0,C201811152002A,25,3.960,-0.141,-3.820,-0.402,2.500,1.380,0.020,0.015,0.017,0.049,0.055,0.013,4.838,156,30,81,347,61,95.0,6.4
442,2018/11/15,23:09:01.0,SOUTHERN EAST PACIFIC RI,-56.24,-122.04,10.0,C201811152309A,25,-0.245,1.450,-1.210,-0.349,-0.483,2.990,0.014,0.016,0.015,0.039,0.038,0.013,3.322,282,81,3,192,87,171.0,6.3
443,2018/11/16,03:26:55.3,SOLOMON ISLANDS         ,-10.53,163.13,10.6,C201811160326B,25,-1.450,1.380,0.064,0.206,-0.270,1.280,0.011,0.010,0.012,0.029,0.032,0.01,1.872,39,48,-119,258,49,-61.0,6.1
444,2018/11/17,13:18:00.4,NORTH ATLANTIC OCEAN    ,15.56,-50.00,10.0,C201811171318A,24,-1.340,2.060,-0.719,-0.691,-0.468,0.540,0.026,0.022,0.028,0.061,0.075,0.023,1.977,283,38,-54,61,60,-115.0,5.5
445,2018/11/18,20:25:46.0,FIJI ISLANDS REGION     ,-17.90,-178.90,533.6,C201811182025A,26,-0.161,1.530,-1.370,0.786,-0.542,0.312,0.005,0.007,0.007,0.006,0.006,0.007,1.764,39,57,-177,308,88,-33.0,6.8
446,2018/11/20,06:38:07.3,NEAR COAST OF NORTHERN P,-9.83,-78.53,56.0,C201811200638A,24,-1.530,-0.090,1.620,-0.065,0.381,-0.768,0.020,0.022,0.028,0.016,0.025,0.02,1.766,335,39,-96,163,51,-85.0,5.4
447,2018/11/20,19:09:48.3,"KYUSHU, JAPAN           ",30.41,130.07,118.3,C201811201909A,24,0.972,-0.220,-0.752,0.377,2.560,-0.282,0.031,0.032,0.038,0.021,0.025,0.033,2.746,212,10,112,9,80,86.0,5.6
448,2018/11/21,18:21:43.9,SOUTHERN ALASKA         ,59.97,-153.31,145.5,C201811211821A,24,0.967,-2.900,1.930,0.371,1.270,1.030,0.029,0.040,0.040,0.030,0.025,0.034,3.056,322,66,156,62,69,26.0,5.6
449,2018/11/22,16:07:05.4,PACIFIC-ANTARCTIC RIDGE ,-54.16,-137.48,10.0,C201811221607A,25,-0.022,0.712,-0.690,0.036,0.048,0.583,0.006,0.008,0.007,0.014,0.014,0.007,0.914,115,86,1,25,89,176.0,5.9
450,2018/11/23,10:51:59.8,SOUTH SANDWICH ISLANDS R,-56.26,-26.99,82.8,C201811231051A,24,-0.464,2.540,-2.080,-2.010,1.610,0.616,0.038,0.040,0.043,0.027,0.028,0.038,3.537,220,43,-173,125,85,-48.0,5.6
451,2018/11/24,15:42:00.8,TONGA ISLANDS           ,-21.12,-175.54,10.0,C201811241542A,24,2.350,-0.834,-1.510,-0.151,-0.092,0.466,0.022,0.023,0.026,0.054,0.060,0.02,2.054,330,45,85,156,45,95.0,5.5
452,2018/11/24,23:42:39.3,OFF W. COAST OF S. ISLAN,-47.93,165.46,10.0,C201811242342A,24,-0.138,1.180,-1.040,0.327,-0.657,5.980,0.040,0.047,0.044,0.112,0.108,0.035,6.127,275,84,-4,5,86,-174.0,5.8
453,2018/11/25,03:40:51.0,CARIBBEAN SEA           ,13.16,-81.16,10.0,C201811250340A,25,-0.078,-0.780,0.858,0.221,-0.101,0.917,0.007,0.006,0.007,0.017,0.018,0.006,1.255,249,82,-8,340,82,-172.0,6.0
454,2018/11/25,06:14:29.7,"KERMADEC ISLANDS, NEW ZE",-29.16,-177.09,37.5,C201811250614A,24,3.300,0.157,-3.460,0.282,1.360,-0.869,0.042,0.033,0.032,0.030,0.031,0.027,3.746,193,34,91,12,56,89.0,5.6
455,2018/11/25,16:37:31.4,IRAN-IRAQ BORDER REGION ,34.30,45.74,10.0,C201811251637A,25,0.348,2.510,-2.860,0.370,-1.100,1.510,0.016,0.018,0.020,0.054,0.065,0.016,3.252,32,77,-170,299,80,-13.0,6.3
456,2018/11/25,20:56:36.2,CARIBBEAN SEA           ,13.17,-81.03,10.0,C201811252056A,24,-0.309,-2.130,2.440,0.578,0.131,2.880,0.033,0.030,0.038,0.084,0.096,0.029,3.726,341,81,-178,251,88,-9.0,5.6
457,2018/11/25,23:57:25.0,TAIWAN REGION           ,23.41,118.60,12.6,C201811252357A,24,-0.974,1.670,-0.700,-0.462,-0.919,-5.820,0.050,0.047,0.055,0.097,0.111,0.047,6.050,85,80,-173,354,83,-10.0,5.8
458,2018/11/27,02:45:32.5,FIJI ISLANDS REGION     ,-17.89,-178.57,568.4,C201811270245A,24,-1.630,3.200,-1.570,3.260,-1.590,1.980,0.051,0.074,0.085,0.072,0.081,0.073,4.975,32,39,-160,287,78,-52.0,5.7
459,2018/11/27,05:37:59.6,REVILLA GIGEDO ISLANDS R,19.35,-108.37,10.0,C201811270537A,24,-0.656,-2.340,2.990,0.049,0.788,-1.730,0.034,0.031,0.038,0.091,0.106,0.03,3.259,298,78,178,28,88,12.0,5.6
460,2018/11/27,09:22:16.8,SOLOMON ISLANDS         ,-7.07,154.75,10.0,C201811270922A,23,5.650,-2.920,-2.740,3.310,-1.790,2.680,0.144,0.101,0.104,0.281,0.264,0.075,6.728,322,29,104,126,62,82.0,5.2
461,2018/11/27,12:03:28.0,NORTH OF ASCENSION ISLAN,-1.03,-13.66,10.0,C201811271203A,24,-0.513,2.440,-1.930,-0.178,1.180,-4.270,0.048,0.050,0.052,0.103,0.117,0.044,4.949,257,76,-177,166,87,-14.0,5.7
462,2018/11/27,15:41:20.0,SOUTHEAST OF LOYALTY ISL,-21.34,171.34,10.0,C201811271541A,24,-0.416,4.780,-4.360,0.391,-0.202,1.530,0.042,0.044,0.048,0.082,0.079,0.038,4.839,36,85,180,126,90,5.0,5.7
463,2018/11/27,19:34:46.0,NORTH ATLANTIC OCEAN    ,15.58,-49.90,10.0,C201811271934A,24,-1.560,2.190,-0.635,-0.975,-0.601,0.643,0.024,0.022,0.026,0.057,0.069,0.022,2.284,278,34,-59,63,62,-109.0,5.5
464,2018/11/28,02:23:24.5,"HOKKAIDO, JAPAN REGION  ",41.35,143.27,10.0,C201811280223A,24,1.580,-2.240,0.663,0.369,-0.577,-0.395,0.025,0.020,0.028,0.054,0.064,0.021,2.117,237,47,52,106,55,124.0,5.5
465,2018/11/29,20:21:44.8,"NORTHERN SUMATRA, INDONE",0.26,97.04,8.8,C201811292021A,24,-4.540,1.430,3.110,2.150,-0.905,-3.060,0.043,0.035,0.039,0.111,0.102,0.03,5.540,158,36,-65,309,58,-107.0,5.8
466,2018/11/30,17:29:28.9,SOUTHERN ALASKA         ,61.34,-149.94,40.9,C201811301729A,26,-3.910,-0.526,4.430,0.499,2.470,0.771,0.021,0.017,0.017,0.025,0.026,0.012,4.923,7,30,-93,190,60,-88.0,7.1
467,2018/12/01,13:27:21.5,BANDA SEA               ,-7.40,128.71,140.6,C201812011327A,25,5.670,-2.570,-3.100,1.230,1.100,3.400,0.022,0.027,0.029,0.020,0.022,0.023,6.202,333,47,113,121,47,67.0,6.5
468,2018/12/01,23:55:24.1,OFF COAST OF CENTRAL CHI,-33.94,-72.35,10.0,C201812012355A,24,1.640,0.080,-1.720,-0.065,-2.770,-0.190,0.030,0.019,0.025,0.053,0.114,0.016,3.246,10,16,98,182,74,88.0,5.6
469,2018/12/02,22:32:48.5,SOUTHEAST OF LOYALTY ISL,-21.28,171.44,10.0,C201812022232A,24,-0.296,2.720,-2.420,0.094,-0.299,-0.231,0.031,0.034,0.033,0.089,0.087,0.029,2.602,48,83,-176,317,86,-7.0,5.5
470,2018/12/02,23:13:53.2,SOUTHWEST OF AFRICA     ,-52.56,18.05,10.0,C201812022313A,24,-2.670,2.580,0.087,0.242,0.389,-0.491,0.031,0.029,0.029,0.097,0.114,0.026,2.710,110,44,-77,272,47,-102.0,5.6
471,2018/12/03,14:00:07.5,BANDA SEA               ,-7.37,128.75,130.9,C201812031400A,24,2.380,-1.720,-0.657,0.707,0.251,1.350,0.023,0.031,0.032,0.025,0.025,0.028,2.628,319,42,112,110,52,71.0,5.5
472,2018/12/04,06:20:32.0,SOUTHERN EAST PACIFIC RI,-55.75,-123.75,10.0,C201812040620A,24,-0.062,1.570,-1.510,-0.117,-0.303,2.200,0.033,0.034,0.031,0.055,0.054,0.03,2.705,288,83,0,197,90,173.0,5.6
473,2018/12/04,06:52:59.6,NORTHERN MOLUCCA SEA    ,2.32,126.83,50.7,C201812040652A,24,2.060,0.351,-2.410,-0.289,-1.160,-0.432,0.044,0.031,0.034,0.043,0.049,0.028,2.564,5,31,84,192,59,93.0,5.5
474,2018/12/05,04:18:08.4,SOUTHEAST OF LOYALTY ISL,-21.97,169.45,10.0,C201812050418A,27,-2.440,1.340,1.100,-1.030,0.039,-1.190,0.010,0.006,0.006,0.055,0.055,0.004,2.633,325,37,-69,119,56,-106.0,7.5
475,2018/12/05,06:43:04.1,SOUTHEAST OF LOYALTY ISL,-22.05,169.67,10.0,C201812050643A,26,1.230,-0.562,-0.672,0.198,-0.483,0.571,0.019,0.012,0.012,0.025,0.024,0.008,1.317,311,34,78,145,56,98.0,6.7
476,2018/12/05,15:40:11.2,SOUTHEAST OF LOYALTY ISL,-21.79,169.24,10.0,C201812051540A,24,-1.440,0.563,0.876,0.083,0.153,-0.745,0.023,0.025,0.021,0.070,0.070,0.017,1.471,314,44,-99,147,47,-81.0,5.4
477,2018/12/05,21:32:19.9,SOUTHEAST OF LOYALTY ISL,-21.77,169.73,10.0,C201812052132A,24,1.460,-0.426,-1.040,0.270,-0.621,0.850,0.024,0.020,0.020,0.031,0.030,0.015,1.691,319,34,81,150,57,96.0,5.4
478,2018/12/06,01:02:46.1,"SUMBAWA REGION, INDONESI",-8.54,116.04,10.0,C201812060102A,24,1.450,-1.800,0.351,-1.280,-0.701,-0.049,0.026,0.020,0.022,0.045,0.049,0.016,2.202,110,29,127,250,67,72.0,5.5
479,2018/12/06,23:26:59.7,SOUTHEAST OF LOYALTY ISL,-22.36,169.62,10.0,C201812062326A,25,-0.818,0.437,0.381,0.406,-0.167,-0.519,0.006,0.005,0.005,0.013,0.011,0.005,0.980,145,33,-72,303,58,-102.0,5.9
480,2018/12/09,16:20:13.5,"VANCOUVER ISLAND, CANADA",49.04,-128.84,10.0,C201812091620A,24,-0.324,-1.650,1.970,0.035,0.135,-0.774,0.025,0.024,0.026,0.046,0.044,0.022,1.973,303,86,180,33,90,4.0,5.5
481,2018/12/11,02:26:32.7,SOUTH SANDWICH ISLANDS R,-58.60,-26.47,164.7,C201812110226A,26,0.456,1.900,-2.360,0.638,5.040,1.660,0.023,0.016,0.017,0.015,0.016,0.013,5.662,112,25,10,13,86,115.0,7.1
482,2018/12/12,13:14:00.4,PACIFIC-ANTARCTIC RIDGE ,-56.01,-127.81,10.0,C201812121314A,25,-0.282,2.630,-2.350,0.226,0.119,2.840,0.023,0.026,0.024,0.053,0.054,0.023,3.785,111,87,2,21,88,177.0,6.3
